dataset,best_lag,abs_lag_min,corr_at_0,corr_best
PEMS04,1,5,0.6377512812614441,0.6593278050422668
PEMS04,-1,5,0.5868317484855652,0.6082770824432373
PEMS04,1,5,0.5162818431854248,0.526902973651886
PEMS04,7,35,0.7126181721687317,0.721314549446106
PEMS04,2,10,0.6282333731651306,0.6302006840705872
PEMS04,3,15,0.6143732070922852,0.6297615170478821
PEMS04,1,5,0.6155573129653931,0.6258512139320374
PEMS04,-2,10,0.8465520739555359,0.8778064250946045
PEMS04,-1,5,0.7022365927696228,0.7356705069541931
PEMS04,-1,5,0.6427081227302551,0.6583138704299927
PEMS04,-7,35,0.5887036323547363,0.6037095785140991
PEMS04,2,10,0.7465983629226685,0.7580202221870422
PEMS04,1,5,0.6301471590995789,0.6477583050727844
PEMS04,0,0,0.8741821646690369,0.8741821646690369
PEMS04,1,5,0.6512896418571472,0.6990474462509155
PEMS04,0,0,0.6310892701148987,0.6310892701148987
PEMS04,-7,35,0.5029105544090271,0.5192955136299133
PEMS04,-10,50,0.08299452811479568,0.09007693082094193
PEMS04,-1,5,0.8612322211265564,0.8709455728530884
PEMS04,-1,5,0.9184191226959229,0.9398240447044373
PEMS04,1,5,0.8122407793998718,0.8477171063423157
PEMS04,1,5,0.6613767147064209,0.6637399196624756
PEMS04,1,5,0.7549406290054321,0.7560778856277466
PEMS04,-1,5,0.6833648085594177,0.70688796043396
PEMS04,-1,5,0.7865766286849976,0.8168631196022034
PEMS04,1,5,0.6585820317268372,0.6594654321670532
PEMS04,-7,35,0.8351102471351624,0.8685855269432068
PEMS04,-7,35,0.8286790251731873,0.8525406122207642
PEMS04,1,5,0.537445604801178,0.5420692563056946
PEMS04,-1,5,0.7510130405426025,0.7900015115737915
PEMS04,1,5,0.7551112174987793,0.7696359157562256
PEMS04,-1,5,0.7811097502708435,0.8031396865844727
PEMS04,1,5,0.6712291836738586,0.6761157512664795
PEMS04,1,5,0.5639746785163879,0.5836248993873596
PEMS04,-1,5,0.7193319797515869,0.7221839427947998
PEMS04,-1,5,0.9069722890853882,0.9163384437561035
PEMS04,1,5,0.857505738735199,0.8739867210388184
PEMS04,-1,5,0.5939573049545288,0.6087202429771423
PEMS04,1,5,0.8466405868530273,0.866990864276886
PEMS04,-1,5,0.6834544539451599,0.6941297650337219
PEMS04,1,5,0.6188271045684814,0.6338345408439636
PEMS04,-12,60,0.38059717416763306,0.4404616951942444
PEMS04,-1,5,0.8303297758102417,0.8625004291534424
PEMS04,1,5,0.8389889597892761,0.8536475896835327
PEMS04,0,0,0.6077186465263367,0.6077186465263367
PEMS04,-1,5,0.8945658802986145,0.9053822159767151
PEMS04,1,5,0.8098649978637695,0.8206053972244263
PEMS04,-1,5,0.399653822183609,0.43442222476005554
PEMS04,1,5,0.17932742834091187,0.20621642470359802
PEMS04,-1,5,0.5473813414573669,0.5800119042396545
PEMS04,-2,10,0.6236621737480164,0.6258643865585327
PEMS04,9,45,0.4885014593601227,0.5167520046234131
PEMS04,-1,5,0.7958429455757141,0.8210633993148804
PEMS04,1,5,0.5990932583808899,0.6192759871482849
PEMS04,0,0,0.7938361763954163,0.7938361763954163
PEMS04,0,0,0.7706345319747925,0.7706345319747925
PEMS04,0,0,0.8041738867759705,0.8041738867759705
PEMS04,1,5,0.8907313942909241,0.9077032804489136
PEMS04,-1,5,0.29192644357681274,0.2922002673149109
PEMS04,-1,5,0.39504173398017883,0.4243890941143036
PEMS04,-9,45,0.2588401138782501,0.26090797781944275
PEMS04,0,0,0.3503378927707672,0.3503378927707672
PEMS04,-1,5,0.7044862508773804,0.7258343696594238
PEMS04,1,5,0.6619816422462463,0.6679978370666504
PEMS04,1,5,0.6830620765686035,0.6918383240699768
PEMS04,-1,5,0.7284267544746399,0.7389122247695923
PEMS04,-1,5,0.7320662140846252,0.7341594099998474
PEMS04,0,0,0.767791211605072,0.767791211605072
PEMS04,0,0,0.6896805763244629,0.6896805763244629
PEMS04,-1,5,0.8653196096420288,0.8851197957992554
PEMS04,-1,5,0.7364341020584106,0.7696166634559631
PEMS04,2,10,0.4328053891658783,0.4505886137485504
PEMS04,4,20,0.24234193563461304,0.25179174542427063
PEMS04,4,20,0.24211928248405457,0.25134405493736267
PEMS04,1,5,0.8842266798019409,0.8908869028091431
PEMS04,-1,5,0.8468008637428284,0.8600150346755981
PEMS04,-2,10,0.8847313523292542,0.8877166509628296
PEMS04,7,35,0.43332749605178833,0.44871005415916443
PEMS04,1,5,0.8872199654579163,0.9019786715507507
PEMS04,1,5,0.8725081086158752,0.8774305582046509
PEMS04,-1,5,0.8477951288223267,0.852629542350769
PEMS04,-12,60,0.4921730160713196,0.5765015482902527
PEMS04,0,0,0.824497640132904,0.824497640132904
PEMS04,1,5,0.7955124974250793,0.7966980338096619
PEMS04,-1,5,0.8789696097373962,0.8827621340751648
PEMS04,1,5,0.9243981242179871,0.9378942251205444
PEMS04,-1,5,0.897956132888794,0.9153429269790649
PEMS04,-1,5,0.5618836283683777,0.5736779570579529
PEMS04,1,5,0.8540124297142029,0.8608571290969849
PEMS04,-1,5,0.7682740092277527,0.7909737229347229
PEMS04,1,5,0.7423916459083557,0.7650191187858582
PEMS04,1,5,0.5571057200431824,0.5735624432563782
PEMS04,1,5,0.7680031061172485,0.7771146297454834
PEMS04,1,5,0.33024340867996216,0.33024629950523376
PEMS04,-1,5,0.5780494213104248,0.5895453691482544
PEMS04,1,5,0.5608864426612854,0.5873469710350037
PEMS04,-1,5,0.8161137700080872,0.8247017860412598
PEMS04,-6,30,0.6139637231826782,0.6237872838973999
PEMS04,1,5,0.8661710023880005,0.8687078356742859
PEMS04,0,0,0.8483811020851135,0.8483811020851135
PEMS04,-12,60,0.49481722712516785,0.5627468228340149
PEMS04,-1,5,0.8819509744644165,0.8984378576278687
PEMS04,1,5,0.8599303364753723,0.8679635524749756
PEMS04,8,40,0.5868905782699585,0.6045655012130737
PEMS04,-1,5,0.9283523559570312,0.9367477297782898
PEMS04,-1,5,0.7020668387413025,0.7118637561798096
PEMS04,-12,60,0.4857977628707886,0.5293210744857788
PEMS04,-1,5,0.7033195495605469,0.7287834882736206
PEMS04,1,5,0.825596034526825,0.8454254865646362
PEMS04,-1,5,0.677594780921936,0.6809150576591492
PEMS04,-1,5,0.525740921497345,0.5320054888725281
PEMS04,0,0,0.784704864025116,0.784704864025116
PEMS04,-1,5,0.8444981575012207,0.8570661544799805
PEMS04,1,5,0.7975439429283142,0.8274460434913635
PEMS04,0,0,0.2549198865890503,0.2549198865890503
PEMS04,1,5,0.3990175724029541,0.44034647941589355
PEMS04,1,5,0.5770976543426514,0.5912082195281982
PEMS04,-1,5,0.6920158863067627,0.7105720639228821
PEMS04,-1,5,0.29715463519096375,0.3341948390007019
PEMS04,-11,55,0.3365724980831146,0.3706890344619751
PEMS04,1,5,0.34809741377830505,0.36729997396469116
PEMS04,1,5,0.2328614443540573,0.23819705843925476
PEMS04,1,5,0.8206174373626709,0.8407906293869019
PEMS04,1,5,0.7595148682594299,0.7778972387313843
PEMS04,-1,5,0.2508740723133087,0.26100170612335205
PEMS04,-2,10,0.5422233939170837,0.5515556931495667
PEMS04,-1,5,0.8496214151382446,0.8741114735603333
PEMS04,-1,5,0.7694007158279419,0.7870268821716309
PEMS04,1,5,0.6200684309005737,0.6332781314849854
PEMS04,-1,5,0.753366231918335,0.7635599374771118
PEMS04,1,5,0.7210432291030884,0.7326498031616211
PEMS04,1,5,0.887127697467804,0.8933073282241821
PEMS04,4,20,0.6871514916419983,0.6911186575889587
PEMS04,2,10,0.43436354398727417,0.44086870551109314
PEMS04,-1,5,0.8050759434700012,0.8144503235816956
PEMS04,1,5,0.8279611468315125,0.8399287462234497
PEMS04,9,45,0.32376906275749207,0.3607042133808136
PEMS04,-1,5,0.4686700105667114,0.48922109603881836
PEMS04,-1,5,0.7548635005950928,0.7890046238899231
PEMS04,0,0,0.7017551064491272,0.7017551064491272
PEMS04,-3,15,0.6462716460227966,0.6530221104621887
PEMS04,-3,15,0.6662677526473999,0.6750773787498474
PEMS04,-2,10,0.5730127692222595,0.5765766501426697
PEMS04,-12,60,0.5050309300422668,0.5548387765884399
PEMS04,-2,10,0.38379862904548645,0.3947916030883789
PEMS04,1,5,0.5277915596961975,0.5379495620727539
PEMS04,-1,5,0.8344098329544067,0.874205470085144
PEMS04,-1,5,0.6676849722862244,0.6969114542007446
PEMS04,1,5,0.5724869966506958,0.6077261567115784
PEMS04,-1,5,0.8155076503753662,0.843040406703949
PEMS04,1,5,0.8165949583053589,0.8186377286911011
PEMS04,1,5,0.8037132620811462,0.8196433186531067
PEMS04,-1,5,0.8208155035972595,0.8329538106918335
PEMS04,1,5,0.809860110282898,0.8181883692741394
PEMS04,1,5,0.9036075472831726,0.911986768245697
PEMS04,-1,5,0.7809280157089233,0.8247036933898926
PEMS04,-2,10,0.5801711678504944,0.5931219458580017
PEMS04,5,25,0.45596960186958313,0.4975353181362152
PEMS04,-4,20,0.6119977831840515,0.6244803071022034
PEMS04,-2,10,0.5237125754356384,0.5552893280982971
PEMS04,-3,15,0.18420001864433289,0.19945502281188965
PEMS04,0,0,0.7367538213729858,0.7367538213729858
PEMS04,-1,5,0.48596084117889404,0.5107529759407043
PEMS04,-12,60,0.06545557826757431,0.07524964213371277
PEMS04,1,5,0.8084537982940674,0.8314006328582764
PEMS04,-10,50,0.26389214396476746,0.2714553475379944
PEMS04,1,5,0.4251895248889923,0.43019533157348633
PEMS04,8,40,0.7375357747077942,0.7633544206619263
PEMS04,9,45,0.6648978590965271,0.7148104906082153
PEMS04,-1,5,0.8236672282218933,0.8569220304489136
PEMS04,-1,5,0.3805195093154907,0.4007008671760559
PEMS04,-1,5,0.7818397879600525,0.7859891653060913
PEMS04,0,0,0.715038001537323,0.715038001537323
PEMS04,12,60,0.5048893094062805,0.5861151814460754
PEMS04,-5,25,0.5080863237380981,0.5151755213737488
PEMS04,1,5,0.7734299898147583,0.791926383972168
PEMS04,-1,5,0.7857785820960999,0.7927191853523254
PEMS04,-1,5,0.4712012708187103,0.47738128900527954
PEMS04,1,5,0.6013892889022827,0.625869631767273
PEMS04,-6,30,0.6975501179695129,0.7216421365737915
PEMS04,1,5,0.856860876083374,0.8868932723999023
PEMS04,-1,5,0.928537905216217,0.9423233270645142
PEMS04,-1,5,0.7775248885154724,0.8048118948936462
PEMS04,1,5,0.493387907743454,0.4994598925113678
PEMS04,-1,5,0.7210186123847961,0.7251089811325073
PEMS04,-11,55,0.5716696381568909,0.6283665895462036
PEMS04,-4,20,0.6069059371948242,0.6277896761894226
PEMS04,-11,55,0.3865864872932434,0.43801483511924744
PEMS04,-3,15,0.4970467686653137,0.506717324256897
PEMS04,-1,5,0.664997935295105,0.6781026124954224
PEMS04,-4,20,0.20825664699077606,0.21670524775981903
PEMS04,-9,45,0.16200634837150574,0.1798063963651657
PEMS04,1,5,0.8449546098709106,0.847596287727356
PEMS04,-1,5,0.807349443435669,0.8196809887886047
PEMS04,8,40,0.7719009518623352,0.800092875957489
PEMS04,1,5,0.8682593703269958,0.8860482573509216
PEMS04,1,5,0.8422257304191589,0.8716109991073608
PEMS04,0,0,0.49381816387176514,0.49381816387176514
PEMS04,6,30,0.6140625476837158,0.6420755386352539
PEMS04,0,0,0.6830439567565918,0.6830439567565918
PEMS04,0,0,0.5985413789749146,0.5985413789749146
PEMS04,-2,10,0.2692459225654602,0.2701621949672699
PEMS04,1,5,0.8876321911811829,0.905324399471283
PEMS04,-1,5,0.9058403968811035,0.9121905565261841
PEMS04,3,15,0.6808863878250122,0.685714602470398
PEMS04,-1,5,0.7963941097259521,0.7976866364479065
PEMS04,-1,5,0.8035565614700317,0.8049842715263367
PEMS04,-12,60,0.5570154190063477,0.6084547638893127
PEMS04,-1,5,0.5529733896255493,0.5616047978401184
PEMS04,1,5,0.6788366436958313,0.6848111748695374
PEMS04,-9,45,0.43905213475227356,0.48483195900917053
PEMS04,1,5,0.8478105664253235,0.8708076477050781
PEMS04,-1,5,0.7831541895866394,0.8039981126785278
PEMS04,1,5,0.4452223777770996,0.4575977027416229
PEMS04,-1,5,0.8446044325828552,0.8799681663513184
PEMS04,1,5,0.7188577055931091,0.7295005321502686
PEMS04,-1,5,0.8100992441177368,0.8217791318893433
PEMS04,1,5,0.7937887907028198,0.8240981101989746
PEMS04,-1,5,0.8664841651916504,0.8758895993232727
PEMS04,1,5,0.9138208627700806,0.923163890838623
PEMS04,1,5,0.4240404963493347,0.4531601369380951
PEMS04,-1,5,0.3153381943702698,0.32457801699638367
PEMS04,3,15,0.5990564227104187,0.6047232747077942
PEMS04,1,5,0.555246889591217,0.5687329769134521
PEMS04,1,5,0.4288164973258972,0.45405879616737366
PEMS04,0,0,0.2659466564655304,0.2659466564655304
PEMS04,-2,10,0.6191948652267456,0.6723771095275879
PEMS04,2,10,0.4325801432132721,0.6663201451301575
PEMS04,1,5,0.47521162033081055,0.6061343550682068
PEMS04,1,5,0.4260092079639435,0.4299907386302948
PEMS04,0,0,0.4024463891983032,0.4024463891983032
PEMS04,-1,5,0.6541738510131836,0.6583423018455505
PEMS04,-1,5,0.538091778755188,0.5542505979537964
PEMS04,1,5,0.7306023240089417,0.7422905564308167
PEMS04,-1,5,0.6472784876823425,0.6664230227470398
PEMS04,1,5,0.8223991990089417,0.8323063254356384
PEMS04,-1,5,0.803183913230896,0.8116074800491333
PEMS04,1,5,0.6756921410560608,0.6927574872970581
PEMS04,-1,5,0.8465416431427002,0.8472293615341187
PEMS04,-1,5,0.6230696439743042,0.6331090331077576
PEMS04,1,5,0.7884348034858704,0.7976548671722412
PEMS04,8,40,0.5224221348762512,0.5625565648078918
PEMS04,3,15,0.4486657381057739,0.4517477750778198
PEMS04,-1,5,0.5110591650009155,0.5858648419380188
PEMS04,1,5,0.6559212803840637,0.6913547515869141
PEMS04,0,0,0.9999996423721313,0.9999996423721313
PEMS04,-9,45,0.446026086807251,0.46899208426475525
PEMS04,0,0,0.8011364340782166,0.8011364340782166
PEMS04,12,60,0.5031353235244751,0.5801969170570374
PEMS04,-1,5,0.7859276533126831,0.798786461353302
PEMS04,-1,5,0.7904269695281982,0.8189576268196106
PEMS04,0,0,0.3390258848667145,0.3390258848667145
PEMS04,-12,60,-0.04865612834692001,-0.03836778178811073
PEMS04,-9,45,0.33832842111587524,0.3706328868865967
PEMS04,0,0,0.007038252893835306,0.007038252893835306
PEMS04,-2,10,0.3232668340206146,0.3240598440170288
PEMS04,12,60,0.2740379571914673,0.3719256520271301
PEMS04,1,5,0.5943505167961121,0.6017332077026367
PEMS04,1,5,0.6988717317581177,0.7628124356269836
PEMS04,-1,5,0.5772889256477356,0.6548961400985718
PEMS04,1,5,0.8258849382400513,0.8485787510871887
PEMS04,1,5,0.8951232433319092,0.9335490465164185
PEMS04,-1,5,0.6057550311088562,0.6160427927970886
PEMS04,2,10,0.5399424433708191,0.5419148802757263
PEMS04,0,0,0.8713836669921875,0.8713836669921875
PEMS04,1,5,0.8258432149887085,0.8437469601631165
PEMS04,0,0,0.7729730010032654,0.7729730010032654
PEMS04,1,5,0.8251533508300781,0.8888642191886902
PEMS04,-3,15,0.5411694049835205,0.5619872212409973
PEMS04,0,0,0.896298348903656,0.896298348903656
PEMS04,-3,15,0.7766536474227905,0.7787765860557556
PEMS04,1,5,0.8202763199806213,0.8223716020584106
PEMS04,-1,5,0.7167996764183044,0.739747941493988
PEMS04,-2,10,0.5190451741218567,0.5278538465499878
PEMS04,-11,55,0.4329240322113037,0.5100648999214172
PEMS04,5,25,0.24922044575214386,0.2547154724597931
PEMS04,-1,5,0.3682086765766144,0.3687436282634735
PEMS04,-9,45,0.07256416976451874,0.08504458516836166
PEMS04,1,5,0.3431902825832367,0.34514909982681274
PEMS04,1,5,0.3431902825832367,0.34514909982681274
PEMS04,0,0,0.9999996423721313,0.9999996423721313
PEMS04,0,0,0.9999996423721313,0.9999996423721313
PEMS04,1,5,0.7743818759918213,0.8419341444969177
PEMS04,-4,20,0.3067132830619812,0.30946147441864014
PEMS04,1,5,0.24758274853229523,0.2745651304721832
PEMS04,1,5,0.7633780837059021,0.8199328780174255
PEMS04,-1,5,0.6193628907203674,0.6323511004447937
PEMS04,1,5,0.05917315557599068,0.0650736540555954
PEMS04,-1,5,0.5811349749565125,0.6031227707862854
PEMS04,0,0,0.9999996423721313,0.9999996423721313
PEMS04,-1,5,0.5234687328338623,0.5263060331344604
PEMS04,4,20,0.24720416963100433,0.24857674539089203
PEMS04,-1,5,0.22265739738941193,0.2424456626176834
PEMS04,0,0,0.9999996423721313,0.9999996423721313
PEMS04,0,0,0.9999996423721313,0.9999996423721313
PEMS04,0,0,0.9999996423721313,0.9999996423721313
PEMS04,0,0,0.8560803532600403,0.8560803532600403
PEMS04,0,0,0.9999996423721313,0.9999996423721313
PEMS04,0,0,0.8560803532600403,0.8560803532600403
PEMS04,0,0,0.9999996423721313,0.9999996423721313
PEMS04,0,0,0.9999996423721313,0.9999996423721313
PEMS04,1,5,0.8196699023246765,0.843227207660675
PEMS04,-1,5,0.9283473491668701,0.9472256302833557
PEMS04,-1,5,0.6907813549041748,0.7207421064376831
PEMS04,-8,40,0.6127799153327942,0.6319736242294312
PEMS04,-12,60,0.5290489196777344,0.601424515247345
PEMS04,1,5,0.7455119490623474,0.7636153101921082
PEMS04,-1,5,0.8513551950454712,0.8696361780166626
PEMS04,-1,5,0.9159989356994629,0.9265456795692444
PEMS04,1,5,0.7305142879486084,0.7388421893119812
PEMS04,1,5,0.6595849990844727,0.6724218726158142
PEMS04,1,5,0.9699147939682007,0.9768379330635071
PEMS04,-1,5,0.9673780798912048,0.9770232439041138
PEMS04,-1,5,0.9089536070823669,0.9388912916183472
PEMS04,0,0,0.7979688048362732,0.7979688048362732
PEMS04,0,0,0.759441614151001,0.759441614151001
PEMS04,-1,5,0.5374643206596375,0.5393255949020386
PEMS04,1,5,0.6196043491363525,0.6272671222686768
PEMS04,4,20,0.7693346738815308,0.7752419114112854
PEMS04,1,5,0.8304235935211182,0.8500550389289856
PEMS04,-1,5,0.506314218044281,0.5282319784164429
PEMS04,0,0,0.5322172045707703,0.5322172045707703
PEMS04,1,5,0.5624676942825317,0.685893177986145
PEMS04,-1,5,0.8438981175422668,0.906857967376709
PEMS04,0,0,0.9047331809997559,0.9047331809997559
PEMS04,7,35,0.5813753604888916,0.6108637452125549
PEMS04,1,5,0.7058563232421875,0.7142957448959351
PEMS04,-1,5,0.859915018081665,0.8603873252868652
PEMS04,-1,5,0.7326549887657166,0.7537243366241455
PEMS04,1,5,0.6932037472724915,0.7350484728813171
PEMS04,1,5,0.361157089471817,0.4150116741657257
PEMS04,-10,50,0.7249844670295715,0.7707496285438538
PEMS04,1,5,0.5768935680389404,0.5982829928398132
PEMS04,-1,5,0.8542170524597168,0.8928146958351135
PEMS04,1,5,0.713142991065979,0.752534031867981
PEMS04,-1,5,0.7042434811592102,0.7759528160095215
PEMS04,-1,5,0.7703418135643005,0.8081607222557068
PEMS04,1,5,0.8241446614265442,0.85401451587677
PEMS04,12,60,0.029710380360484123,0.0722201019525528
PEMS04,-1,5,0.42309683561325073,0.43668070435523987
PEMS08,0,0,0.9348909854888916,0.9348909854888916
PEMS08,1,5,0.6433180570602417,0.66187983751297
PEMS08,1,5,0.5917584300041199,0.6153567433357239
PEMS08,1,5,0.8777795433998108,0.8920511603355408
PEMS08,-1,5,0.8920196294784546,0.9047906398773193
PEMS08,-5,25,0.7032546997070312,0.7100731134414673
PEMS08,-3,15,0.6395875215530396,0.6530632376670837
PEMS08,-1,5,0.8225149512290955,0.8238326907157898
PEMS08,-12,60,0.21427969634532928,0.22791911661624908
PEMS08,1,5,0.844744086265564,0.8543339967727661
PEMS08,0,0,0.5627899169921875,0.5627899169921875
PEMS08,1,5,0.835708498954773,0.8665247559547424
PEMS08,11,55,0.11139485239982605,0.11214705556631088
PEMS08,-12,60,0.19041448831558228,0.23348049819469452
PEMS08,-4,20,0.6941501498222351,0.7083944082260132
PEMS08,-2,10,0.7549492716789246,0.7599668502807617
PEMS08,1,5,0.8415079116821289,0.8441702723503113
PEMS08,-1,5,0.7328264713287354,0.7463310360908508
PEMS08,-1,5,0.5688199400901794,0.5702466368675232
PEMS08,-12,60,0.2852979600429535,0.3323102593421936
PEMS08,-10,50,0.31595927476882935,0.3554486036300659
PEMS08,-1,5,0.40146318078041077,0.42802801728248596
PEMS08,1,5,0.34299832582473755,0.34368300437927246
PEMS08,-6,30,0.25049033761024475,0.25521591305732727
PEMS08,-1,5,0.22588664293289185,0.23520886898040771
PEMS08,1,5,0.6487938761711121,0.6704486012458801
PEMS08,6,30,0.5821196436882019,0.6069079637527466
PEMS08,6,30,0.6134085059165955,0.6537659168243408
PEMS08,5,25,0.5915243029594421,0.6068322062492371
PEMS08,-1,5,0.523800790309906,0.7035267949104309
PEMS08,1,5,0.3475894629955292,0.3510378897190094
PEMS08,-7,35,0.6470834612846375,0.6710619330406189
PEMS08,-10,50,0.6307806372642517,0.6422878503799438
PEMS08,1,5,0.20633135735988617,0.21518060564994812
PEMS08,5,25,0.5723853707313538,0.5775476098060608
PEMS08,0,0,0.9304460287094116,0.9304460287094116
PEMS08,-4,20,0.5917356014251709,0.5970128178596497
PEMS08,-1,5,0.8568095564842224,0.878944993019104
PEMS08,6,30,0.6346673965454102,0.6438290476799011
PEMS08,1,5,0.3472147285938263,0.3479025065898895
PEMS08,1,5,0.7687875628471375,0.7743529081344604
PEMS08,12,60,0.5446857213973999,0.6248794794082642
PEMS08,12,60,0.5131540298461914,0.5913082361221313
PEMS08,2,10,0.3108183741569519,0.322441965341568
PEMS08,12,60,0.512870192527771,0.5910854935646057
PEMS08,12,60,0.36832195520401,0.4007757902145386
PEMS08,12,60,0.3510073721408844,0.41980764269828796
PEMS08,-1,5,0.8466178178787231,0.8551941514015198
PEMS08,1,5,0.7214844822883606,0.7305593490600586
PEMS08,0,0,0.8091698288917542,0.8091698288917542
PEMS08,11,55,0.6354917883872986,0.6955676078796387
PEMS08,0,0,0.8065976500511169,0.8065976500511169
PEMS08,5,25,0.43172648549079895,0.44550564885139465
PEMS08,3,15,0.5708541870117188,0.5795271992683411
PEMS08,1,5,0.7871527671813965,0.7905029654502869
PEMS08,-1,5,0.4582322835922241,0.47226765751838684
PEMS08,1,5,0.8180260062217712,0.8245455622673035
PEMS08,0,0,0.8978962898254395,0.8978962898254395
PEMS08,-7,35,0.4768393635749817,0.4873756468296051
PEMS08,-12,60,0.00786456186324358,0.02167314849793911
PEMS08,-12,60,0.17667974531650543,0.23620013892650604
PEMS08,-11,55,0.5078835487365723,0.5550046563148499
PEMS08,1,5,0.8333503007888794,0.8469866514205933
PEMS08,0,0,0.6105574369430542,0.6105574369430542
PEMS08,0,0,0.5497792363166809,0.5497792363166809
PEMS08,-1,5,0.8464294075965881,0.8671057224273682
PEMS08,-1,5,0.8225393891334534,0.8235212564468384
PEMS08,-1,5,0.8257239460945129,0.8382886648178101
PEMS08,0,0,0.8065648674964905,0.8065648674964905
PEMS08,4,20,0.293647825717926,0.29382845759391785
PEMS08,0,0,0.7047602534294128,0.7047602534294128
PEMS08,-1,5,0.8911928534507751,0.9241778254508972
PEMS08,6,30,0.18288129568099976,0.19808772206306458
PEMS08,-1,5,0.20754343271255493,0.22609224915504456
PEMS08,11,55,0.2228505164384842,0.25395137071609497
PEMS08,1,5,0.4658450484275818,0.4936704635620117
PEMS08,-12,60,0.17018406093120575,0.18066534399986267
PEMS08,-4,20,0.8210861086845398,0.8285287618637085
PEMS08,-6,30,0.8086431622505188,0.8240644931793213
PEMS08,0,0,0.6342853307723999,0.6342853307723999
PEMS08,0,0,0.6342853307723999,0.6342853307723999
PEMS08,-8,40,0.19015853106975555,0.22892412543296814
PEMS08,1,5,0.6672413945198059,0.6940844058990479
PEMS08,-1,5,0.8840206265449524,0.9187207818031311
PEMS08,1,5,0.5825223326683044,0.5870599150657654
PEMS08,-12,60,-0.04700141027569771,-0.0022132531739771366
PEMS08,1,5,0.663083553314209,0.6691716313362122
PEMS08,0,0,0.5953020453453064,0.5953020453453064
PEMS08,2,10,0.6019420027732849,0.6046434044837952
PEMS08,-7,35,0.20426352322101593,0.21902082860469818
PEMS08,2,10,0.4290737211704254,0.4304608702659607
PEMS08,-1,5,0.17121931910514832,0.1767120212316513
PEMS08,1,5,0.3020195960998535,0.3064013421535492
PEMS08,-6,30,0.2023758590221405,0.20712000131607056
PEMS08,0,0,0.1566745787858963,0.1566745787858963
PEMS08,-2,10,0.20714683830738068,0.21769770979881287
PEMS08,7,35,0.05413324385881424,0.06258489191532135
PEMS08,11,55,0.22189220786094666,0.23173397779464722
PEMS08,-4,20,0.26859739422798157,0.2703365981578827
PEMS08,-5,25,0.3323982357978821,0.33500707149505615
PEMS08,-7,35,0.4284588694572449,0.4500614404678345
PEMS08,-1,5,0.3245430886745453,0.35591843724250793
PEMS08,-3,15,0.5334029793739319,0.537948727607727
PEMS08,-1,5,0.4933127760887146,0.5090372562408447
PEMS08,1,5,0.7355725765228271,0.7807683944702148
PEMS08,-1,5,0.3396354615688324,0.3480589985847473
PEMS08,1,5,0.9082918763160706,0.9132120609283447
PEMS08,-1,5,0.8865640759468079,0.9031703472137451
PEMS08,-1,5,0.8333773016929626,0.8582621812820435
PEMS08,1,5,0.8964360952377319,0.900656521320343
PEMS08,-4,20,0.453461229801178,0.46335968375205994
PEMS08,-1,5,0.6427989602088928,0.6556029915809631
PEMS08,0,0,0.6895920634269714,0.6895920634269714
PEMS08,-5,25,0.27465471625328064,0.29909250140190125
PEMS08,1,5,0.4999653100967407,0.5012267231941223
PEMS08,-1,5,0.5160791873931885,0.5331800580024719
PEMS08,1,5,0.5675094127655029,0.5717403888702393
PEMS08,5,25,0.46023666858673096,0.46470946073532104
PEMS08,1,5,0.5675094127655029,0.5717403888702393
PEMS08,1,5,0.7859827876091003,0.8178673386573792
PEMS08,12,60,0.6262054443359375,0.6574576497077942
PEMS08,2,10,0.27538102865219116,0.27708035707473755
PEMS08,1,5,0.4640211760997772,0.48341992497444153
PEMS08,12,60,0.4444945454597473,0.4637880027294159
PEMS08,0,0,0.5867968201637268,0.5867968201637268
PEMS08,1,5,0.6916845440864563,0.7169122695922852
PEMS08,-1,5,0.5935809016227722,0.6066523194313049
PEMS08,-8,40,0.23499424755573273,0.23599773645401
PEMS08,0,0,0.48954451084136963,0.48954451084136963
PEMS08,-1,5,0.4495728611946106,0.45848459005355835
PEMS08,-1,5,0.79381263256073,0.8055062294006348
PEMS08,-11,55,0.24564820528030396,0.27390140295028687
PEMS08,1,5,0.7798411250114441,0.815756618976593
PEMS08,-1,5,0.5837780833244324,0.5859385132789612
PEMS08,3,15,0.6948243379592896,0.6984860301017761
PEMS08,0,0,0.7645362019538879,0.7645362019538879
PEMS08,-1,5,0.4463954567909241,0.4509137272834778
PEMS08,1,5,0.736115574836731,0.7492668032646179
PEMS08,-3,15,0.03358413279056549,0.03617396578192711
PEMS08,-1,5,0.5751478672027588,0.5780314803123474
PEMS08,-1,5,0.8284322023391724,0.841349184513092
PEMS08,-1,5,0.3421196937561035,0.3455881178379059
PEMS08,0,0,0.3090633749961853,0.3090633749961853
PEMS08,1,5,0.8714651465415955,0.8839746117591858
PEMS08,2,10,0.5437492728233337,0.5511524677276611
PEMS08,1,5,0.6100644469261169,0.6574997305870056
PEMS08,-5,25,0.2735479772090912,0.2807280123233795
PEMS08,2,10,0.34139856696128845,0.3417702615261078
PEMS08,1,5,0.3527911901473999,0.35491442680358887
PEMS08,1,5,0.39517638087272644,0.4114082157611847
PEMS08,0,0,0.9999985694885254,0.9999985694885254
PEMS08,0,0,0.9998314380645752,0.9998314380645752
PEMS08,0,0,0.9998314380645752,0.9998314380645752
PEMS08,0,0,0.9999985694885254,0.9999985694885254
PEMS08,-1,5,0.8890862464904785,0.8971707820892334
PEMS08,2,10,0.5379450917243958,0.5401906967163086
PEMS08,1,5,0.46303099393844604,0.4730120003223419
PEMS08,1,5,0.7840589284896851,0.8034615516662598
PEMS08,-3,15,0.43625912070274353,0.4457469880580902
PEMS08,1,5,0.851815938949585,0.8716714382171631
PEMS08,1,5,0.34406039118766785,0.3646589517593384
PEMS08,-1,5,0.7971155047416687,0.8386825919151306
PEMS08,1,5,0.7250062227249146,0.8421580791473389
PEMS08,3,15,0.4012085795402527,0.4094817340373993
PEMS08,5,25,0.37831538915634155,0.3822380304336548
PEMS08,0,0,0.42789536714553833,0.42789536714553833
PEMS08,-4,20,0.5530726313591003,0.5614826083183289
PEMS08,-1,5,0.38128286600112915,0.3841177821159363
PEMS08,0,0,0.9997045397758484,0.9997045397758484
PEMS08,6,30,0.5638557076454163,0.5708940029144287
PEMS08,0,0,0.007816026918590069,0.007816026918590069
PEMS08,4,20,0.5934995412826538,0.5968735218048096
PEMS08,0,0,0.3681980073451996,0.3681980073451996
PEMS08,1,5,0.6201662421226501,0.6914973258972168
PEMS08,-1,5,0.6862351894378662,0.7134683132171631
PEMS08,12,60,0.13376720249652863,0.17280468344688416
PEMS08,4,20,0.5938270092010498,0.5971071124076843
PEMS08,4,20,0.5533414483070374,0.5614185929298401
PEMS08,0,0,0.4089494049549103,0.4089494049549103
PEMS08,-1,5,0.3530029356479645,0.35499411821365356
PEMS08,-4,20,0.47952911257743835,0.48311400413513184
PEMS08,-2,10,0.5829419493675232,0.5886070728302002
PEMS08,-3,15,0.5083059668540955,0.5142884850502014
PEMS08,-1,5,0.34043291211128235,0.35177096724510193
PEMS08,1,5,0.04859634116292,0.050095442682504654
PEMS08,4,20,0.269024133682251,0.2717365622520447
PEMS08,1,5,0.6020216345787048,0.6163479089736938
PEMS08,5,25,0.4732643961906433,0.4824814200401306
PEMS08,-2,10,0.5833501815795898,0.589143693447113
PEMS08,-4,20,0.6148830056190491,0.6253055930137634
PEMS08,0,0,0.5410853624343872,0.5410853624343872
PEMS08,-1,5,0.5467549562454224,0.549235463142395
PEMS08,-4,20,0.6148830056190491,0.6253055930137634
PEMS08,0,0,0.8700064420700073,0.8700064420700073
PEMS08,-2,10,0.3138520121574402,0.31877440214157104
PEMS08,6,30,0.5867021083831787,0.5959265232086182
PEMS08,-1,5,0.7179675698280334,0.7936404347419739
PEMS08,-2,10,0.5835580825805664,0.6027403473854065
PEMS08,0,0,0.8342755436897278,0.8342755436897278
PEMS08,-1,5,0.2656995952129364,0.2694520652294159
PEMS08,1,5,0.4884662330150604,0.5444049835205078
PEMS08,-4,20,0.22380807995796204,0.2264643758535385
PEMS08,-9,45,0.28249141573905945,0.3136104941368103
PEMS08,-12,60,0.4359682500362396,0.4720113277435303
PEMS08,-3,15,0.22306059300899506,0.2298753708600998
PEMS08,-1,5,0.25216901302337646,0.2663252651691437
PEMS08,4,20,0.048440929502248764,0.05417732894420624
PEMS08,-1,5,0.6788871884346008,0.7192004919052124
PEMS08,1,5,0.6627336740493774,0.7316803336143494
PEMS08,-1,5,0.5216450691223145,0.6041509509086609
PEMS08,-6,30,0.295028954744339,0.31900593638420105
PEMS08,1,5,0.8991369009017944,0.9129383563995361
PEMS08,-1,5,0.6990818977355957,0.7290568947792053
PEMS08,1,5,0.6365784406661987,0.6704350113868713
PEMS08,2,10,0.536465048789978,0.537236213684082
PEMS08,1,5,0.861710250377655,0.8654272556304932
PEMS08,-1,5,0.6761177778244019,0.6902679800987244
PEMS08,-1,5,0.6272660493850708,0.6437127590179443
PEMS08,-3,15,0.3513685166835785,0.3545253574848175
PEMS08,0,0,0.47791630029678345,0.47791630029678345
PEMS08,1,5,0.7170087695121765,0.7202330231666565
PEMS08,-1,5,0.2906908392906189,0.31456685066223145
PEMS08,-1,5,0.16917310655117035,0.17563611268997192
PEMS08,4,20,0.18547776341438293,0.1862727254629135
PEMS08,-2,10,0.31899136304855347,0.3241260349750519
PEMS08,1,5,0.2011382132768631,0.2066211998462677
PEMS08,-1,5,0.5519475936889648,0.5538779497146606
PEMS08,-2,10,0.4296685457229614,0.4326665997505188
PEMS08,-1,5,0.6264910101890564,0.6600387096405029
PEMS08,0,0,0.637759268283844,0.637759268283844
PEMS08,-8,40,0.5837375521659851,0.604991614818573
PEMS08,0,0,0.6537814140319824,0.6537814140319824
PEMS08,-1,5,0.7918212413787842,0.7979556322097778
PEMS08,10,50,0.3307642340660095,0.37177565693855286
PEMS08,-1,5,0.517093300819397,0.5794122219085693
PEMS08,1,5,0.6907901167869568,0.7621219754219055
PEMS08,-12,60,0.24941353499889374,0.30798354744911194
PEMS08,1,5,0.7997961044311523,0.8467260599136353
PEMS08,0,0,-0.20066837966442108,-0.20066837966442108
PEMS08,-1,5,0.4837237000465393,0.579357922077179
PEMS08,-6,30,0.30678656697273254,0.30895406007766724
PEMS08,1,5,0.8488240242004395,0.9128960371017456
PEMS08,7,35,0.31034258008003235,0.32124558091163635
PEMS08,0,0,0.9999984502792358,0.9999984502792358
PEMS08,-12,60,0.04917338863015175,0.08692383021116257
PEMS08,0,0,0.9999984502792358,0.9999984502792358
PEMS08,0,0,0.6878587007522583,0.6878587007522583
PEMS08,-2,10,0.38798797130584717,0.391038715839386
PEMS08,0,0,0.4906415045261383,0.4906415045261383
PEMS08,0,0,0.6875823140144348,0.6875823140144348
PEMS08,0,0,0.6708923578262329,0.6708923578262329
PEMS08,0,0,0.13854378461837769,0.13854378461837769
PEMS08,12,60,0.1392197459936142,0.16247029602527618
PEMS08,1,5,0.831021249294281,0.8311821222305298
PEMS08,0,0,0.49882182478904724,0.49882182478904724
PEMS08,-1,5,0.8023012280464172,0.8165544271469116
PEMS08,0,0,0.8547323346138,0.8547323346138
PEMS08,1,5,0.6890552043914795,0.7180841565132141
PEMS08,-1,5,0.6879655718803406,0.7035884261131287
PEMS08,-11,55,0.42929375171661377,0.4652602970600128
PEMS08,0,0,0.9999984502792358,0.9999984502792358
PEMS08,0,0,0.29767730832099915,0.29767730832099915
PEMS08,-6,30,0.6076024174690247,0.6161401271820068
PEMS08,-5,25,0.45459410548210144,0.47101953625679016
PEMS08,-1,5,0.8966038823127747,0.9181140661239624
PEMS08,-3,15,0.6522881388664246,0.6527994275093079
PEMS08,1,5,0.9026640057563782,0.9152163863182068
PEMS08,2,10,0.5567789077758789,0.5663607716560364
PEMS08,1,5,0.09233227372169495,0.09303309768438339
PEMS08,12,60,0.13116873800754547,0.17793627083301544
PEMS08,-1,5,0.2926557660102844,0.300136536359787
PEMS08,-1,5,0.19037647545337677,0.19135034084320068
PEMS08,1,5,0.8570713996887207,0.8834919929504395
PEMS08,-11,55,0.6404194831848145,0.7115944623947144
PEMS07,0,0,0.6177316308021545,0.6177316308021545
PEMS07,0,0,0.964898407459259,0.964898407459259
PEMS07,0,0,0.6848657131195068,0.6848657131195068
PEMS07,7,35,0.4598485231399536,0.4847141206264496
PEMS07,0,0,0.8445661067962646,0.8445661067962646
PEMS07,0,0,0.8430749773979187,0.8430749773979187
PEMS07,-3,15,0.49924802780151367,0.5194950699806213
PEMS07,-5,25,0.4581919014453888,0.4819831848144531
PEMS07,5,25,0.2554452121257782,0.25908777117729187
PEMS07,0,0,0.9719927310943604,0.9719927310943604
PEMS07,0,0,0.937620997428894,0.937620997428894
PEMS07,0,0,0.9819393754005432,0.9819393754005432
PEMS07,0,0,0.984294056892395,0.984294056892395
PEMS07,0,0,0.7998681664466858,0.7998681664466858
PEMS07,1,5,0.819692850112915,0.8203078508377075
PEMS07,0,0,0.9005653262138367,0.9005653262138367
PEMS07,0,0,0.8885424733161926,0.8885424733161926
PEMS07,-5,25,0.2649174630641937,0.2759924829006195
PEMS07,0,0,0.9999997615814209,0.9999997615814209
PEMS07,0,0,0.7111434936523438,0.7111434936523438
PEMS07,0,0,0.7959082722663879,0.7959082722663879
PEMS07,0,0,0.8079014420509338,0.8079014420509338
PEMS07,0,0,1.0000004768371582,1.0000004768371582
PEMS07,0,0,1.0000004768371582,1.0000004768371582
PEMS07,-12,60,0.362938791513443,0.5236490964889526
PEMS07,0,0,0.7805193662643433,0.7805193662643433
PEMS07,0,0,1.000002384185791,1.000002384185791
PEMS07,0,0,0.9251272082328796,0.9251272082328796
PEMS07,0,0,0.9060580134391785,0.9060580134391785
PEMS07,0,0,0.7258532047271729,0.7258532047271729
PEMS07,0,0,0.7399587035179138,0.7399587035179138
PEMS07,0,0,0.6191349625587463,0.6191349625587463
PEMS07,0,0,0.8301478624343872,0.8301478624343872
PEMS07,0,0,0.9620622992515564,0.9620622992515564
PEMS07,0,0,0.9608630537986755,0.9608630537986755
PEMS07,0,0,0.7183001637458801,0.7183001637458801
PEMS07,1,5,0.6972965002059937,0.7069393396377563
PEMS07,0,0,0.9381483197212219,0.9381483197212219
PEMS07,0,0,0.7583633661270142,0.7583633661270142
PEMS07,-2,10,0.7138901352882385,0.7194404006004333
PEMS07,0,0,0.7071637511253357,0.7071637511253357
PEMS07,-11,55,0.32256147265434265,0.3646663725376129
PEMS07,-10,50,0.5474372506141663,0.599119246006012
PEMS07,0,0,0.9632512331008911,0.9632512331008911
PEMS07,0,0,0.9397692084312439,0.9397692084312439
PEMS07,0,0,0.9397088885307312,0.9397088885307312
PEMS07,0,0,0.772383451461792,0.772383451461792
PEMS07,0,0,0.955760657787323,0.955760657787323
PEMS07,0,0,0.8385117650032043,0.8385117650032043
PEMS07,0,0,0.8385117650032043,0.8385117650032043
PEMS07,0,0,0.9716352224349976,0.9716352224349976
PEMS07,0,0,0.9859426617622375,0.9859426617622375
PEMS07,0,0,0.9064643383026123,0.9064643383026123
PEMS07,0,0,0.9104425311088562,0.9104425311088562
PEMS07,0,0,0.8447806239128113,0.8447806239128113
PEMS07,0,0,0.8205239176750183,0.8205239176750183
PEMS07,0,0,0.9371610283851624,0.9371610283851624
PEMS07,0,0,0.8819835782051086,0.8819835782051086
PEMS07,0,0,0.4401448667049408,0.4401448667049408
PEMS07,0,0,0.6241492033004761,0.6241492033004761
PEMS07,0,0,0.8381070494651794,0.8381070494651794
PEMS07,0,0,0.9300757646560669,0.9300757646560669
PEMS07,0,0,0.9790135025978088,0.9790135025978088
PEMS07,0,0,0.5692363977432251,0.5692363977432251
PEMS07,0,0,0.921943724155426,0.921943724155426
PEMS07,0,0,0.8677215576171875,0.8677215576171875
PEMS07,0,0,0.9153173565864563,0.9153173565864563
PEMS07,0,0,0.733241617679596,0.733241617679596
PEMS07,0,0,0.32078275084495544,0.32078275084495544
PEMS07,-1,5,0.4274328351020813,0.43161967396736145
PEMS07,12,60,0.4138031005859375,0.5259711146354675
PEMS07,0,0,0.9866836667060852,0.9866836667060852
PEMS07,0,0,0.7189192771911621,0.7189192771911621
PEMS07,0,0,0.637730062007904,0.637730062007904
PEMS07,0,0,0.8730546236038208,0.8730546236038208
PEMS07,7,35,0.4943099319934845,0.5348483324050903
PEMS07,0,0,0.5662736296653748,0.5662736296653748
PEMS07,0,0,0.878477931022644,0.878477931022644
PEMS07,0,0,0.9723487496376038,0.9723487496376038
PEMS07,0,0,0.8662886023521423,0.8662886023521423
PEMS07,0,0,0.5494078397750854,0.5494078397750854
PEMS07,0,0,0.7890782356262207,0.7890782356262207
PEMS07,0,0,0.7891294956207275,0.7891294956207275
PEMS07,0,0,0.9157959222793579,0.9157959222793579
PEMS07,0,0,0.9798175692558289,0.9798175692558289
PEMS07,0,0,0.9998771548271179,0.9998771548271179
PEMS07,0,0,0.9837022423744202,0.9837022423744202
PEMS07,0,0,0.4243480861186981,0.4243480861186981
PEMS07,12,60,0.20329593122005463,0.2436131238937378
PEMS07,0,0,0.8567657470703125,0.8567657470703125
PEMS07,0,0,0.7656248807907104,0.7656248807907104
PEMS07,0,0,0.8844866156578064,0.8844866156578064
PEMS07,0,0,0.7372225522994995,0.7372225522994995
PEMS07,0,0,0.9020670056343079,0.9020670056343079
PEMS07,0,0,0.9673022031784058,0.9673022031784058
PEMS07,1,5,0.7997694611549377,0.8047356009483337
PEMS07,-1,5,0.7599040865898132,0.769601047039032
PEMS07,-1,5,0.2983037531375885,0.32097163796424866
PEMS07,0,0,0.8460929989814758,0.8460929989814758
PEMS07,1,5,0.7401120662689209,0.7409002184867859
PEMS07,0,0,0.8499868512153625,0.8499868512153625
PEMS07,-1,5,0.562114417552948,0.5777709484100342
PEMS07,1,5,0.6375300288200378,0.6613466143608093
PEMS07,0,0,0.8184294104576111,0.8184294104576111
PEMS07,0,0,0.8674166202545166,0.8674166202545166
PEMS07,0,0,0.9645683765411377,0.9645683765411377
PEMS07,0,0,0.8667386770248413,0.8667386770248413
PEMS07,0,0,0.9481293559074402,0.9481293559074402
PEMS07,0,0,0.5535674095153809,0.5535674095153809
PEMS07,0,0,0.6314348578453064,0.6314348578453064
PEMS07,0,0,0.8266445398330688,0.8266445398330688
PEMS07,0,0,0.671941876411438,0.671941876411438
PEMS07,0,0,0.9540204405784607,0.9540204405784607
PEMS07,0,0,0.9631763696670532,0.9631763696670532
PEMS07,0,0,0.9194468855857849,0.9194468855857849
PEMS07,6,30,0.5536300539970398,0.5704313516616821
PEMS07,0,0,0.9837729930877686,0.9837729930877686
PEMS07,0,0,0.9640900492668152,0.9640900492668152
PEMS07,0,0,0.9691874980926514,0.9691874980926514
PEMS07,0,0,0.7300184965133667,0.7300184965133667
PEMS07,0,0,0.9548962116241455,0.9548962116241455
PEMS07,0,0,1.0000009536743164,1.0000009536743164
PEMS07,0,0,1.0000009536743164,1.0000009536743164
PEMS07,0,0,0.9649138450622559,0.9649138450622559
PEMS07,0,0,0.8753095865249634,0.8753095865249634
PEMS07,0,0,1.0000009536743164,1.0000009536743164
PEMS07,7,35,0.4185536801815033,0.4384276866912842
PEMS07,-1,5,0.4050448536872864,0.4091751277446747
PEMS07,0,0,0.6432920098304749,0.6432920098304749
PEMS07,0,0,0.9014613032341003,0.9014613032341003
PEMS07,0,0,1.0000004768371582,1.0000004768371582
PEMS07,0,0,1.0000004768371582,1.0000004768371582
PEMS07,2,10,0.5158580541610718,0.5196760296821594
PEMS07,1,5,0.42603737115859985,0.4274838864803314
PEMS07,0,0,0.563068687915802,0.563068687915802
PEMS07,12,60,0.3275667428970337,0.4277268350124359
PEMS07,-12,60,0.5245055556297302,0.5698547959327698
PEMS07,-12,60,0.4282781779766083,0.484295517206192
PEMS07,0,0,0.5529855489730835,0.5529855489730835
PEMS07,0,0,0.535747230052948,0.535747230052948
PEMS07,0,0,0.9113370776176453,0.9113370776176453
PEMS07,0,0,0.5925070643424988,0.5925070643424988
PEMS07,-3,15,0.6125646829605103,0.6200137138366699
PEMS07,-11,55,0.4551815390586853,0.5027508735656738
PEMS07,0,0,0.911888062953949,0.911888062953949
PEMS07,0,0,0.965429425239563,0.965429425239563
PEMS07,-4,20,0.6450240015983582,0.6599646806716919
PEMS07,0,0,0.9999976754188538,0.9999976754188538
PEMS07,0,0,0.31771573424339294,0.31771573424339294
PEMS07,0,0,0.9282488226890564,0.9282488226890564
PEMS07,0,0,0.9107240438461304,0.9107240438461304
PEMS07,0,0,0.9837022423744202,0.9837022423744202
PEMS07,0,0,0.7463738322257996,0.7463738322257996
PEMS07,0,0,0.9988517761230469,0.9988517761230469
PEMS07,0,0,0.7393361330032349,0.7393361330032349
PEMS07,0,0,0.8156430125236511,0.8156430125236511
PEMS07,0,0,0.9174737334251404,0.9174737334251404
PEMS07,-1,5,0.6273425817489624,0.6294376254081726
PEMS07,0,0,0.6173365116119385,0.6173365116119385
PEMS07,0,0,0.8359302282333374,0.8359302282333374
PEMS07,0,0,0.8007727861404419,0.8007727861404419
PEMS07,-1,5,0.8037652373313904,0.8041187524795532
PEMS07,-5,25,0.5283092260360718,0.5492721199989319
PEMS07,0,0,1.0000019073486328,1.0000019073486328
PEMS07,0,0,0.8235541582107544,0.8235541582107544
PEMS07,0,0,0.9838575124740601,0.9838575124740601
PEMS07,0,0,1.0000009536743164,1.0000009536743164
PEMS07,0,0,0.7079932689666748,0.7079932689666748
PEMS07,0,0,0.966279149055481,0.966279149055481
PEMS07,0,0,0.882530689239502,0.882530689239502
PEMS07,0,0,0.7709095478057861,0.7709095478057861
PEMS07,0,0,0.9583895206451416,0.9583895206451416
PEMS07,0,0,0.907351553440094,0.907351553440094
PEMS07,0,0,0.9250577688217163,0.9250577688217163
PEMS07,0,0,0.9226797223091125,0.9226797223091125
PEMS07,0,0,0.9675580263137817,0.9675580263137817
PEMS07,0,0,0.949012815952301,0.949012815952301
PEMS07,0,0,0.8236616849899292,0.8236616849899292
PEMS07,0,0,0.956050455570221,0.956050455570221
PEMS07,0,0,0.7428406476974487,0.7428406476974487
PEMS07,0,0,0.5761396884918213,0.5761396884918213
PEMS07,0,0,0.8010444045066833,0.8010444045066833
PEMS07,-11,55,0.48190101981163025,0.5344221591949463
PEMS07,-1,5,0.46804168820381165,0.4851050078868866
PEMS07,0,0,1.0000003576278687,1.0000003576278687
PEMS07,0,0,0.9530358910560608,0.9530358910560608
PEMS07,0,0,0.8362392783164978,0.8362392783164978
PEMS07,-12,60,0.5307225584983826,0.6505210399627686
PEMS07,0,0,0.9998771548271179,0.9998771548271179
PEMS07,0,0,0.8816227316856384,0.8816227316856384
PEMS07,0,0,0.920941948890686,0.920941948890686
PEMS07,0,0,0.9264909029006958,0.9264909029006958
PEMS07,0,0,0.8617705702781677,0.8617705702781677
PEMS07,-8,40,0.7646605372428894,0.8033067584037781
PEMS07,10,50,0.33586031198501587,0.355782151222229
PEMS07,0,0,0.729246973991394,0.729246973991394
PEMS07,0,0,1.0000009536743164,1.0000009536743164
PEMS07,0,0,1.0000009536743164,1.0000009536743164
PEMS07,0,0,0.4732416570186615,0.4732416570186615
PEMS07,0,0,0.7602598667144775,0.7602598667144775
PEMS07,0,0,0.9050582647323608,0.9050582647323608
PEMS07,0,0,0.9134732484817505,0.9134732484817505
PEMS07,0,0,0.7216290831565857,0.7216290831565857
PEMS07,-12,60,0.0,0.0
PEMS07,-12,60,0.0,0.0
PEMS07,0,0,0.96354740858078,0.96354740858078
PEMS07,0,0,0.8908166885375977,0.8908166885375977
PEMS07,0,0,0.8473711609840393,0.8473711609840393
PEMS07,0,0,0.8887370228767395,0.8887370228767395
PEMS07,0,0,0.9279789924621582,0.9279789924621582
PEMS07,1,5,0.6023196578025818,0.6048965454101562
PEMS07,-5,25,0.6228277087211609,0.6454452872276306
PEMS07,4,20,0.6226219534873962,0.6338639259338379
PEMS07,0,0,0.8459272384643555,0.8459272384643555
PEMS07,8,40,0.3881262540817261,0.40363067388534546
PEMS07,0,0,0.8045768141746521,0.8045768141746521
PEMS07,0,0,0.8813996315002441,0.8813996315002441
PEMS07,0,0,0.9999217391014099,0.9999217391014099
PEMS07,0,0,0.982661783695221,0.982661783695221
PEMS07,0,0,0.6627231240272522,0.6627231240272522
PEMS07,0,0,0.937648355960846,0.937648355960846
PEMS07,0,0,0.9365017414093018,0.9365017414093018
PEMS07,0,0,0.9172342419624329,0.9172342419624329
PEMS07,0,0,0.9443651437759399,0.9443651437759399
PEMS07,0,0,0.918141782283783,0.918141782283783
PEMS07,0,0,0.7452897429466248,0.7452897429466248
PEMS07,0,0,0.982661783695221,0.982661783695221
PEMS07,0,0,1.0000009536743164,1.0000009536743164
PEMS07,0,0,1.0000009536743164,1.0000009536743164
PEMS07,2,10,0.6146484613418579,0.6223271489143372
PEMS07,2,10,0.702221155166626,0.708544909954071
PEMS07,0,0,1.0000009536743164,1.0000009536743164
PEMS07,0,0,1.0000009536743164,1.0000009536743164
PEMS07,0,0,0.9347063302993774,0.9347063302993774
PEMS07,0,0,0.9250741600990295,0.9250741600990295
PEMS07,-1,5,0.5806058049201965,0.5925402045249939
PEMS07,-2,10,0.5910041332244873,0.6058366894721985
PEMS07,0,0,1.0000004768371582,1.0000004768371582
PEMS07,0,0,1.0000004768371582,1.0000004768371582
PEMS07,0,0,0.836497962474823,0.836497962474823
PEMS07,0,0,0.7232018113136292,0.7232018113136292
PEMS07,0,0,0.9984601140022278,0.9984601140022278
PEMS07,0,0,0.8821234107017517,0.8821234107017517
PEMS07,0,0,0.936008095741272,0.936008095741272
PEMS07,0,0,1.0000009536743164,1.0000009536743164
PEMS07,0,0,0.9218049049377441,0.9218049049377441
PEMS07,0,0,0.8805450797080994,0.8805450797080994
PEMS07,0,0,0.8428787589073181,0.8428787589073181
PEMS07,0,0,0.9274618029594421,0.9274618029594421
PEMS07,-6,30,0.7412486672401428,0.7584611177444458
PEMS07,-11,55,0.7326533794403076,0.7985552549362183
PEMS07,-1,5,0.6402568221092224,0.640534520149231
PEMS07,0,0,0.9740439653396606,0.9740439653396606
PEMS07,0,0,0.8833032250404358,0.8833032250404358
PEMS07,0,0,0.6125136017799377,0.6125136017799377
PEMS07,0,0,0.7805264592170715,0.7805264592170715
PEMS07,0,0,0.9999976754188538,0.9999976754188538
PEMS07,0,0,0.9999995231628418,0.9999995231628418
PEMS07,5,25,0.5350918769836426,0.5514300465583801
PEMS07,1,5,0.6693726778030396,0.6723713874816895
PEMS07,0,0,0.9023048281669617,0.9023048281669617
PEMS07,0,0,0.7559288740158081,0.7559288740158081
PEMS07,0,0,0.9442965984344482,0.9442965984344482
PEMS07,9,45,0.4612525403499603,0.4941888749599457
PEMS07,0,0,0.9665973782539368,0.9665973782539368
PEMS07,0,0,0.9094367027282715,0.9094367027282715
PEMS07,0,0,0.9270086288452148,0.9270086288452148
PEMS07,0,0,0.8625056147575378,0.8625056147575378
PEMS07,0,0,0.8107171058654785,0.8107171058654785
PEMS07,0,0,0.9293561577796936,0.9293561577796936
PEMS07,0,0,0.7689986228942871,0.7689986228942871
PEMS07,0,0,0.9025180339813232,0.9025180339813232
PEMS07,0,0,0.7841083407402039,0.7841083407402039
PEMS07,0,0,0.5671381950378418,0.5671381950378418
PEMS07,0,0,1.0000009536743164,1.0000009536743164
PEMS07,-12,60,0.2554820775985718,0.48067188262939453
PEMS07,-6,30,0.6236903667449951,0.6405802369117737
PEMS07,0,0,0.9496227502822876,0.9496227502822876
PEMS07,0,0,0.7655727863311768,0.7655727863311768
PEMS07,0,0,0.8060608506202698,0.8060608506202698
PEMS07,0,0,0.688965916633606,0.688965916633606
PEMS07,0,0,0.7460540533065796,0.7460540533065796
PEMS07,0,0,0.7594904899597168,0.7594904899597168
PEMS07,0,0,0.8641567826271057,0.8641567826271057
PEMS07,0,0,0.9115769863128662,0.9115769863128662
PEMS07,0,0,0.921494722366333,0.921494722366333
PEMS07,0,0,0.7520743608474731,0.7520743608474731
PEMS07,0,0,0.8945685625076294,0.8945685625076294
PEMS07,0,0,0.8330664038658142,0.8330664038658142
PEMS07,0,0,0.9178370237350464,0.9178370237350464
PEMS07,0,0,0.9463081955909729,0.9463081955909729
PEMS07,0,0,0.8572163581848145,0.8572163581848145
PEMS07,-3,15,0.7672171592712402,0.7707407474517822
PEMS07,0,0,0.9531374573707581,0.9531374573707581
PEMS07,0,0,0.982661783695221,0.982661783695221
PEMS07,0,0,1.0000009536743164,1.0000009536743164
PEMS07,0,0,1.0000009536743164,1.0000009536743164
PEMS07,0,0,0.7805264592170715,0.7805264592170715
PEMS07,-4,20,0.46963173151016235,0.4796307682991028
PEMS07,0,0,0.7159844636917114,0.7159844636917114
PEMS07,0,0,0.7142722010612488,0.7142722010612488
PEMS07,0,0,0.6842957139015198,0.6842957139015198
PEMS07,0,0,0.8124305009841919,0.8124305009841919
PEMS07,0,0,0.8701047301292419,0.8701047301292419
PEMS07,0,0,0.5615027546882629,0.5615027546882629
PEMS07,1,5,0.599742591381073,0.6027030348777771
PEMS07,0,0,0.9587821364402771,0.9587821364402771
PEMS07,0,0,0.9547879695892334,0.9547879695892334
PEMS07,0,0,0.9999998807907104,0.9999998807907104
PEMS07,0,0,0.9999998807907104,0.9999998807907104
PEMS07,0,0,0.8007521033287048,0.8007521033287048
PEMS07,0,0,0.8738369941711426,0.8738369941711426
PEMS07,0,0,0.8825134634971619,0.8825134634971619
PEMS07,0,0,0.9301565885543823,0.9301565885543823
PEMS07,0,0,0.9254542589187622,0.9254542589187622
PEMS07,0,0,0.982661783695221,0.982661783695221
PEMS07,0,0,0.5046555399894714,0.5046555399894714
PEMS07,0,0,0.45653006434440613,0.45653006434440613
PEMS07,0,0,0.6961097121238708,0.6961097121238708
PEMS07,0,0,0.9866446256637573,0.9866446256637573
PEMS07,0,0,0.7432242631912231,0.7432242631912231
PEMS07,0,0,0.9491626620292664,0.9491626620292664
PEMS07,0,0,0.9357677698135376,0.9357677698135376
PEMS07,0,0,0.8398132920265198,0.8398132920265198
PEMS07,0,0,0.806156575679779,0.806156575679779
PEMS07,0,0,1.0000009536743164,1.0000009536743164
PEMS07,-6,30,0.7970510125160217,0.8188061714172363
PEMS07,0,0,0.8394697308540344,0.8394697308540344
PEMS07,0,0,0.8394697308540344,0.8394697308540344
PEMS07,0,0,0.8391645550727844,0.8391645550727844
PEMS07,0,0,0.8964273929595947,0.8964273929595947
PEMS07,-6,30,0.38488417863845825,0.3933109641075134
PEMS07,0,0,1.0000004768371582,1.0000004768371582
PEMS07,0,0,0.9794493317604065,0.9794493317604065
PEMS07,0,0,0.9829176664352417,0.9829176664352417
PEMS07,0,0,0.9999998807907104,0.9999998807907104
PEMS07,3,15,0.48861417174339294,0.4943048059940338
PEMS07,0,0,0.9855467677116394,0.9855467677116394
PEMS07,0,0,1.0000004768371582,1.0000004768371582
PEMS07,0,0,1.0000004768371582,1.0000004768371582
PEMS07,0,0,0.9594369530677795,0.9594369530677795
PEMS07,0,0,0.9846377372741699,0.9846377372741699
PEMS07,0,0,0.543399453163147,0.543399453163147
PEMS07,4,20,0.22466371953487396,0.22785159945487976
PEMS07,0,0,0.742281973361969,0.742281973361969
PEMS07,0,0,0.9999995231628418,0.9999995231628418
PEMS07,0,0,0.9495096206665039,0.9495096206665039
PEMS07,0,0,0.8386268615722656,0.8386268615722656
PEMS07,-2,10,0.7823859453201294,0.7877652049064636
PEMS07,0,0,1.0000004768371582,1.0000004768371582
PEMS07,0,0,1.0000004768371582,1.0000004768371582
PEMS07,0,0,0.7701153755187988,0.7701153755187988
PEMS07,0,0,0.8986007571220398,0.8986007571220398
PEMS07,0,0,0.8859879374504089,0.8859879374504089
PEMS07,0,0,0.7034593820571899,0.7034593820571899
PEMS07,0,0,0.8605496883392334,0.8605496883392334
PEMS07,0,0,0.6639063954353333,0.6639063954353333
PEMS07,0,0,0.9796960353851318,0.9796960353851318
PEMS07,0,0,0.9312822818756104,0.9312822818756104
PEMS07,0,0,0.9860473275184631,0.9860473275184631
PEMS07,0,0,0.7742606401443481,0.7742606401443481
PEMS07,0,0,0.8459516167640686,0.8459516167640686
PEMS07,0,0,0.9282416105270386,0.9282416105270386
PEMS07,6,30,0.5136810541152954,0.524316668510437
PEMS07,0,0,1.0000009536743164,1.0000009536743164
PEMS07,0,0,1.0000009536743164,1.0000009536743164
PEMS07,0,0,0.8280975818634033,0.8280975818634033
PEMS07,5,25,0.6970833539962769,0.7176057696342468
PEMS07,0,0,0.7240310311317444,0.7240310311317444
PEMS07,1,5,0.5013441443443298,0.501412034034729
PEMS07,0,0,0.6711620688438416,0.6711620688438416
PEMS07,0,0,0.9262555837631226,0.9262555837631226
PEMS07,0,0,0.7050804495811462,0.7050804495811462
PEMS07,0,0,0.8815314769744873,0.8815314769744873
PEMS07,1,5,0.3408225476741791,0.34448352456092834
PEMS07,0,0,0.9532290101051331,0.9532290101051331
PEMS07,0,0,0.7992230653762817,0.7992230653762817
PEMS07,0,0,0.7653719186782837,0.7653719186782837
PEMS07,0,0,0.9480777978897095,0.9480777978897095
PEMS07,0,0,0.7851102352142334,0.7851102352142334
PEMS07,0,0,0.9279327392578125,0.9279327392578125
PEMS07,0,0,0.8639774918556213,0.8639774918556213
PEMS07,5,25,0.8248801827430725,0.845477283000946
PEMS07,0,0,1.0000004768371582,1.0000004768371582
PEMS07,0,0,1.0000004768371582,1.0000004768371582
PEMS07,0,0,0.9758550524711609,0.9758550524711609
PEMS07,0,0,0.9083871841430664,0.9083871841430664
PEMS07,0,0,0.8386244773864746,0.8386244773864746
PEMS07,0,0,0.9999995231628418,0.9999995231628418
PEMS07,0,0,0.9280137419700623,0.9280137419700623
PEMS07,0,0,0.9133679866790771,0.9133679866790771
PEMS07,0,0,0.9045996069908142,0.9045996069908142
PEMS07,0,0,0.33488112688064575,0.33488112688064575
PEMS07,10,50,0.6177434921264648,0.6653968095779419
PEMS07,6,30,0.6869749426841736,0.6919658184051514
PEMS07,0,0,0.9566335678100586,0.9566335678100586
PEMS07,0,0,0.9429090023040771,0.9429090023040771
PEMS07,0,0,0.9313778281211853,0.9313778281211853
PEMS07,0,0,0.9750376343727112,0.9750376343727112
PEMS07,0,0,0.9768041968345642,0.9768041968345642
PEMS07,0,0,0.9999353885650635,0.9999353885650635
PEMS07,0,0,0.9999353885650635,0.9999353885650635
PEMS07,0,0,0.29528236389160156,0.29528236389160156
PEMS07,1,5,0.5933300256729126,0.6517746448516846
PEMS07,0,0,0.751404881477356,0.751404881477356
PEMS07,0,0,0.485252320766449,0.485252320766449
PEMS07,0,0,0.6610479354858398,0.6610479354858398
PEMS07,0,0,0.7016489505767822,0.7016489505767822
PEMS07,0,0,0.9198520183563232,0.9198520183563232
PEMS07,-1,5,0.9460155367851257,0.9560205340385437
PEMS07,0,0,0.7814502120018005,0.7814502120018005
PEMS07,0,0,0.9385120272636414,0.9385120272636414
PEMS07,0,0,0.7650467157363892,0.7650467157363892
PEMS07,0,0,0.8954415917396545,0.8954415917396545
PEMS07,0,0,0.7610673904418945,0.7610673904418945
PEMS07,0,0,0.4908769726753235,0.4908769726753235
PEMS07,0,0,0.9665626883506775,0.9665626883506775
PEMS07,0,0,0.9755414724349976,0.9755414724349976
PEMS07,0,0,0.656844973564148,0.656844973564148
PEMS07,0,0,0.9647489190101624,0.9647489190101624
PEMS07,0,0,0.9600176811218262,0.9600176811218262
PEMS07,0,0,0.9301906228065491,0.9301906228065491
PEMS07,0,0,0.8385117650032043,0.8385117650032043
PEMS07,0,0,0.8385117650032043,0.8385117650032043
PEMS07,0,0,0.861085057258606,0.861085057258606
PEMS07,0,0,0.7653961777687073,0.7653961777687073
PEMS07,0,0,0.8816277384757996,0.8816277384757996
PEMS07,0,0,0.7352420687675476,0.7352420687675476
PEMS07,0,0,0.7123318910598755,0.7123318910598755
PEMS07,0,0,0.9425256848335266,0.9425256848335266
PEMS07,0,0,0.5817851424217224,0.5817851424217224
PEMS07,12,60,0.20550650358200073,0.26412755250930786
PEMS07,0,0,0.9999997615814209,0.9999997615814209
PEMS07,1,5,0.4748789072036743,0.47527503967285156
PEMS07,0,0,0.9122474193572998,0.9122474193572998
PEMS07,0,0,0.9380089044570923,0.9380089044570923
PEMS07,-12,60,0.452478289604187,0.5742483735084534
PEMS07,0,0,0.958882749080658,0.958882749080658
PEMS07,0,0,0.946670651435852,0.946670651435852
PEMS07,-3,15,0.5496460199356079,0.5649398565292358
PEMS07,0,0,0.7104547619819641,0.7104547619819641
PEMS07,0,0,0.861974835395813,0.861974835395813
PEMS07,0,0,0.5307578444480896,0.5307578444480896
PEMS07,0,0,0.8694610595703125,0.8694610595703125
PEMS07,0,0,0.873955249786377,0.873955249786377
PEMS07,0,0,0.9564947485923767,0.9564947485923767
PEMS07,0,0,0.806104838848114,0.806104838848114
PEMS07,0,0,0.805353045463562,0.805353045463562
PEMS07,0,0,0.9381566047668457,0.9381566047668457
PEMS07,0,0,0.982141375541687,0.982141375541687
PEMS07,0,0,0.9641792178153992,0.9641792178153992
PEMS07,0,0,0.9462926983833313,0.9462926983833313
PEMS07,-3,15,0.3161539137363434,0.3219866454601288
PEMS07,0,0,0.5817851424217224,0.5817851424217224
PEMS07,11,55,0.44961440563201904,0.5057780146598816
PEMS07,0,0,0.9752480387687683,0.9752480387687683
PEMS07,0,0,0.6470228433609009,0.6470228433609009
PEMS07,0,0,0.8880128860473633,0.8880128860473633
PEMS07,0,0,0.6231449842453003,0.6231449842453003
PEMS07,10,50,0.45774149894714355,0.5028619170188904
PEMS07,0,0,0.8861143589019775,0.8861143589019775
PEMS07,-1,5,0.7413502335548401,0.7526296377182007
PEMS07,-1,5,0.7257593274116516,0.7469803094863892
PEMS07,-2,10,0.7180742621421814,0.7232776880264282
PEMS07,0,0,0.9292000532150269,0.9292000532150269
PEMS07,0,0,0.9261331558227539,0.9261331558227539
PEMS07,0,0,0.7239570021629333,0.7239570021629333
PEMS07,0,0,0.8445513248443604,0.8445513248443604
PEMS07,0,0,0.8669318556785583,0.8669318556785583
PEMS07,-9,45,0.28181731700897217,0.30150821805000305
PEMS07,-7,35,0.607477605342865,0.6485360264778137
PEMS07,0,0,0.8510506749153137,0.8510506749153137
PEMS07,0,0,1.0000004768371582,1.0000004768371582
PEMS07,0,0,0.8188927173614502,0.8188927173614502
PEMS07,3,15,0.37319663166999817,0.3761123716831207
PEMS07,0,0,0.9346632361412048,0.9346632361412048
PEMS07,0,0,0.3670748174190521,0.3670748174190521
PEMS07,11,55,0.21533118188381195,0.26279428601264954
PEMS07,0,0,0.766331136226654,0.766331136226654
PEMS07,1,5,0.637874186038971,0.6382681727409363
PEMS07,0,0,0.8991392850875854,0.8991392850875854
PEMS07,0,0,0.91947340965271,0.91947340965271
PEMS07,0,0,0.9575962424278259,0.9575962424278259
PEMS07,0,0,1.0000009536743164,1.0000009536743164
PEMS07,0,0,0.6884596943855286,0.6884596943855286
PEMS07,-2,10,0.6475480198860168,0.702742874622345
PEMS07,0,0,0.9533652663230896,0.9533652663230896
PEMS07,0,0,0.823565661907196,0.823565661907196
PEMS07,2,10,0.2260560244321823,0.23075424134731293
PEMS07,0,0,0.42482060194015503,0.42482060194015503
PEMS07,0,0,1.0000009536743164,1.0000009536743164
PEMS07,0,0,0.8939019441604614,0.8939019441604614
PEMS07,0,0,0.8216909766197205,0.8216909766197205
PEMS07,0,0,0.9310042262077332,0.9310042262077332
PEMS07,0,0,0.9001882672309875,0.9001882672309875
PEMS07,0,0,0.8793786764144897,0.8793786764144897
PEMS07,0,0,0.9222095608711243,0.9222095608711243
PEMS07,0,0,1.0000004768371582,1.0000004768371582
PEMS07,0,0,0.8697957396507263,0.8697957396507263
PEMS07,0,0,0.39845699071884155,0.39845699071884155
PEMS07,0,0,0.8174542784690857,0.8174542784690857
PEMS07,0,0,0.7200430631637573,0.7200430631637573
PEMS07,0,0,0.8416839838027954,0.8416839838027954
PEMS07,0,0,0.9540218710899353,0.9540218710899353
PEMS07,0,0,0.8503764271736145,0.8503764271736145
PEMS07,0,0,0.7676641941070557,0.7676641941070557
PEMS07,0,0,0.7105720639228821,0.7105720639228821
PEMS07,0,0,1.0000019073486328,1.0000019073486328
PEMS07,0,0,0.8831934928894043,0.8831934928894043
PEMS07,0,0,0.9175083637237549,0.9175083637237549
PEMS07,0,0,0.9636788368225098,0.9636788368225098
PEMS07,0,0,0.9998739361763,0.9998739361763
PEMS07,0,0,0.8385117650032043,0.8385117650032043
PEMS07,0,0,0.9437061548233032,0.9437061548233032
PEMS07,0,0,0.8229605555534363,0.8229605555534363
PEMS07,0,0,0.8932363390922546,0.8932363390922546
PEMS07,0,0,0.9099739193916321,0.9099739193916321
PEMS07,0,0,0.9796945452690125,0.9796945452690125
PEMS07,0,0,0.9592496156692505,0.9592496156692505
PEMS07,0,0,0.9335456490516663,0.9335456490516663
PEMS07,0,0,0.9827205538749695,0.9827205538749695
PEMS07,0,0,0.9513018727302551,0.9513018727302551
PEMS07,-10,50,0.5319777131080627,0.5812268257141113
PEMS07,0,0,0.9125334620475769,0.9125334620475769
PEMS07,0,0,0.9543825387954712,0.9543825387954712
PEMS07,0,0,0.8906514644622803,0.8906514644622803
PEMS07,0,0,0.8495059609413147,0.8495059609413147
PEMS07,0,0,0.7805264592170715,0.7805264592170715
PEMS07,-1,5,0.39048030972480774,0.39312711358070374
PEMS07,-1,5,0.664874792098999,0.675014317035675
PEMS07,-4,20,0.782563328742981,0.7973805665969849
PEMS07,0,0,0.6212908029556274,0.6212908029556274
PEMS07,0,0,0.742281973361969,0.742281973361969
PEMS07,0,0,0.9999997615814209,0.9999997615814209
PEMS07,0,0,0.9632127285003662,0.9632127285003662
PEMS07,-6,30,0.4998634159564972,0.5143226981163025
PEMS07,0,0,0.8600757122039795,0.8600757122039795
PEMS07,-1,5,0.8165414929389954,0.8368679285049438
PEMS07,0,0,0.716586172580719,0.716586172580719
PEMS07,0,0,0.7071717381477356,0.7071717381477356
PEMS07,0,0,0.8863766193389893,0.8863766193389893
PEMS07,1,5,0.18824435770511627,0.20371854305267334
PEMS07,0,0,0.8903416395187378,0.8903416395187378
PEMS07,3,15,0.7335891127586365,0.7389493584632874
PEMS07,0,0,0.9898268580436707,0.9898268580436707
PEMS07,0,0,0.9284355640411377,0.9284355640411377
PEMS07,12,60,0.3287239670753479,0.5377420783042908
PEMS07,0,0,0.8912686705589294,0.8912686705589294
PEMS07,-1,5,0.7611029148101807,0.7736849784851074
PEMS07,0,0,0.847756028175354,0.847756028175354
PEMS07,0,0,0.5949997305870056,0.5949997305870056
PEMS07,0,0,0.7036744356155396,0.7036744356155396
PEMS07,7,35,0.5867250561714172,0.6007102727890015
PEMS07,8,40,0.5701305270195007,0.6157191395759583
PEMS07,2,10,0.623762845993042,0.6381552815437317
PEMS07,0,0,0.9232484102249146,0.9232484102249146
PEMS07,0,0,0.6464950442314148,0.6464950442314148
PEMS07,-1,5,0.6311023235321045,0.6385166049003601
PEMS07,0,0,0.815663754940033,0.815663754940033
PEMS07,0,0,0.8371900916099548,0.8371900916099548
PEMS07,0,0,0.8701319694519043,0.8701319694519043
PEMS07,0,0,0.8224384784698486,0.8224384784698486
PEMS07,0,0,0.7807687520980835,0.7807687520980835
PEMS07,0,0,0.6205869317054749,0.6205869317054749
PEMS07,0,0,0.9119975566864014,0.9119975566864014
PEMS07,0,0,0.8869000673294067,0.8869000673294067
PEMS07,0,0,0.3295586109161377,0.3295586109161377
PEMS07,6,30,0.8155155777931213,0.8426317572593689
PEMS07,0,0,0.9999992847442627,0.9999992847442627
PEMS07,0,0,1.0000004768371582,1.0000004768371582
PEMS07,0,0,0.9999998807907104,0.9999998807907104
PEMS07,0,0,1.0000009536743164,1.0000009536743164
PEMS07,0,0,0.34770724177360535,0.34770724177360535
PEMS07,0,0,0.9838575124740601,0.9838575124740601
PEMS07,0,0,1.0000004768371582,1.0000004768371582
PEMS07,12,60,0.5152045488357544,0.5611189007759094
PEMS07,-1,5,0.7775737643241882,0.7810447812080383
PEMS07,0,0,0.983677327632904,0.983677327632904
PEMS07,0,0,1.0000003576278687,1.0000003576278687
PEMS07,0,0,0.94954514503479,0.94954514503479
PEMS07,0,0,0.9569032192230225,0.9569032192230225
PEMS07,-8,40,0.631610095500946,0.6502838730812073
PEMS07,0,0,0.9397156834602356,0.9397156834602356
PEMS07,0,0,0.8224503993988037,0.8224503993988037
PEMS07,0,0,0.8020087480545044,0.8020087480545044
PEMS07,0,0,0.9038408994674683,0.9038408994674683
PEMS07,0,0,0.926903247833252,0.926903247833252
PEMS07,0,0,0.9300527572631836,0.9300527572631836
PEMS07,0,0,0.8630528450012207,0.8630528450012207
PEMS07,0,0,0.8966859579086304,0.8966859579086304
PEMS07,0,0,0.9549323916435242,0.9549323916435242
PEMS07,11,55,0.2964910566806793,0.3664259910583496
PEMS07,2,10,0.7276999950408936,0.7322983741760254
PEMS07,0,0,0.6046181321144104,0.6046181321144104
PEMS07,0,0,1.0000004768371582,1.0000004768371582
PEMS07,0,0,0.9573276042938232,0.9573276042938232
PEMS07,0,0,0.9257177710533142,0.9257177710533142
PEMS07,0,0,0.5221662521362305,0.5221662521362305
PEMS07,0,0,0.9338055849075317,0.9338055849075317
PEMS07,0,0,0.7088395357131958,0.7088395357131958
PEMS07,0,0,0.8932883739471436,0.8932883739471436
PEMS07,0,0,0.8583003282546997,0.8583003282546997
PEMS07,0,0,0.777087926864624,0.777087926864624
PEMS07,0,0,0.7170339822769165,0.7170339822769165
PEMS07,0,0,0.933151125907898,0.933151125907898
PEMS07,0,0,0.917998731136322,0.917998731136322
PEMS07,0,0,0.9867167472839355,0.9867167472839355
PEMS07,0,0,0.7810596823692322,0.7810596823692322
PEMS07,0,0,0.7761436104774475,0.7761436104774475
PEMS07,0,0,0.962912917137146,0.962912917137146
PEMS07,0,0,0.952215313911438,0.952215313911438
PEMS07,0,0,0.9331059455871582,0.9331059455871582
PEMS07,0,0,0.9867590665817261,0.9867590665817261
PEMS07,8,40,0.37064090371131897,0.393650621175766
PEMS07,0,0,0.6776832342147827,0.6776832342147827
PEMS07,0,0,0.9143281579017639,0.9143281579017639
PEMS07,0,0,0.9472414255142212,0.9472414255142212
PEMS07,1,5,0.7369967103004456,0.746191680431366
PEMS07,0,0,0.9745596051216125,0.9745596051216125
PEMS07,0,0,0.9999976754188538,0.9999976754188538
PEMS07,0,0,0.9998978972434998,0.9998978972434998
PEMS07,0,0,0.6233960390090942,0.6233960390090942
PEMS07,0,0,0.5329161882400513,0.5329161882400513
PEMS07,-6,30,0.673662543296814,0.6937088966369629
PEMS07,0,0,0.8556939959526062,0.8556939959526062
PEMS07,0,0,0.9054027795791626,0.9054027795791626
PEMS07,0,0,0.6167946457862854,0.6167946457862854
PEMS07,1,5,0.768015444278717,0.7683063745498657
PEMS07,0,0,0.9323866963386536,0.9323866963386536
PEMS07,0,0,0.8540561199188232,0.8540561199188232
PEMS07,0,0,0.9645953178405762,0.9645953178405762
PEMS07,-4,20,0.6989349722862244,0.7127322554588318
PEMS07,2,10,0.39142900705337524,0.40881845355033875
PEMS07,0,0,0.7100971341133118,0.7100971341133118
PEMS07,0,0,0.8341063261032104,0.8341063261032104
PEMS07,0,0,0.910938024520874,0.910938024520874
PEMS07,0,0,0.9831878542900085,0.9831878542900085
PEMS07,0,0,0.9645256400108337,0.9645256400108337
PEMS07,-4,20,0.6758444309234619,0.6840389370918274
PEMS07,0,0,0.9999353885650635,0.9999353885650635
PEMS07,0,0,0.665032148361206,0.665032148361206
PEMS07,-1,5,0.5968382358551025,0.6421471238136292
PEMS07,0,0,0.8683533668518066,0.8683533668518066
PEMS07,0,0,0.6826165914535522,0.6826165914535522
PEMS07,0,0,0.9186702370643616,0.9186702370643616
PEMS07,0,0,0.834931492805481,0.834931492805481
PEMS07,0,0,0.6481622457504272,0.6481622457504272
PEMS07,0,0,0.9999997615814209,0.9999997615814209
PEMS07,0,0,0.504096508026123,0.504096508026123
PEMS07,0,0,0.9704776406288147,0.9704776406288147
PEMS07,0,0,0.9999353885650635,0.9999353885650635
PEMS07,-1,5,0.5621042251586914,0.5630524754524231
PEMS07,0,0,0.9836448431015015,0.9836448431015015
PEMS07,-12,60,0.35654976963996887,0.5176774859428406
PEMS07,0,0,0.7216976284980774,0.7216976284980774
PEMS07,0,0,0.8486522436141968,0.8486522436141968
PEMS07,0,0,0.6728642582893372,0.6728642582893372
PEMS07,0,0,0.6801854968070984,0.6801854968070984
PEMS07,0,0,0.6054969429969788,0.6054969429969788
PEMS07,0,0,0.8854761123657227,0.8854761123657227
PEMS07,0,0,0.9484226107597351,0.9484226107597351
PEMS07,0,0,0.8943014144897461,0.8943014144897461
PEMS07,0,0,0.9137852787971497,0.9137852787971497
PEMS07,11,55,0.02335457131266594,0.03570201247930527
PEMS07,11,55,0.12731729447841644,0.1438443660736084
PEMS07,0,0,0.6058839559555054,0.6058839559555054
PEMS07,0,0,0.9014226794242859,0.9014226794242859
PEMS07,0,0,0.9053571224212646,0.9053571224212646
PEMS07,0,0,0.9867937564849854,0.9867937564849854
PEMS07,1,5,0.8356349468231201,0.8500658273696899
PEMS07,0,0,0.9613047242164612,0.9613047242164612
PEMS07,0,0,0.9999974370002747,0.9999974370002747
PEMS07,2,10,0.2798670828342438,0.2808295786380768
PEMS07,0,0,0.6142099499702454,0.6142099499702454
PEMS07,0,0,0.7933560609817505,0.7933560609817505
PEMS07,0,0,0.9670717716217041,0.9670717716217041
PEMS07,0,0,1.0000009536743164,1.0000009536743164
PEMS07,0,0,0.747665524482727,0.747665524482727
PEMS07,0,0,0.9470215439796448,0.9470215439796448
PEMS07,0,0,0.8131408095359802,0.8131408095359802
PEMS07,0,0,0.908022403717041,0.908022403717041
PEMS07,0,0,0.9368573427200317,0.9368573427200317
PEMS07,0,0,0.8456971049308777,0.8456971049308777
PEMS07,0,0,0.9750195741653442,0.9750195741653442
PEMS07,0,0,0.3576529324054718,0.3576529324054718
PEMS07,0,0,0.8231420516967773,0.8231420516967773
PEMS07,7,35,0.5584737658500671,0.5822025537490845
PEMS07,0,0,0.8849989771842957,0.8849989771842957
PEMS07,0,0,0.753716230392456,0.753716230392456
PEMS07,1,5,0.620262622833252,0.6241976022720337
PEMS07,0,0,0.8495242595672607,0.8495242595672607
PEMS07,7,35,0.22128351032733917,0.2516779601573944
PEMS07,0,0,0.9006834626197815,0.9006834626197815
PEMS07,0,0,0.9721010327339172,0.9721010327339172
PEMS07,0,0,0.9998739361763,0.9998739361763
PEMS07,0,0,0.9276708960533142,0.9276708960533142
PEMS07,0,0,0.8617071509361267,0.8617071509361267
PEMS07,0,0,0.9253926873207092,0.9253926873207092
PEMS07,0,0,0.8391645550727844,0.8391645550727844
PEMS07,0,0,0.738930881023407,0.738930881023407
PEMS07,1,5,0.860927939414978,0.8739859461784363
PEMS07,0,0,0.9724282026290894,0.9724282026290894
PEMS07,0,0,0.8795873522758484,0.8795873522758484
PEMS07,0,0,0.956153154373169,0.956153154373169
PEMS07,0,0,0.9999998807907104,0.9999998807907104
PEMS07,0,0,0.780037522315979,0.780037522315979
PEMS07,0,0,0.8550335168838501,0.8550335168838501
PEMS07,0,0,0.9415567517280579,0.9415567517280579
PEMS07,0,0,0.9019814133644104,0.9019814133644104
PEMS07,0,0,0.6414576768875122,0.6414576768875122
PEMS07,0,0,0.7144650220870972,0.7144650220870972
PEMS07,0,0,0.9638257026672363,0.9638257026672363
PEMS07,0,0,0.9082646369934082,0.9082646369934082
PEMS07,0,0,0.9826932549476624,0.9826932549476624
PEMS07,0,0,0.8641948103904724,0.8641948103904724
PEMS07,0,0,0.979223370552063,0.979223370552063
PEMS07,0,0,0.8625282645225525,0.8625282645225525
PEMS07,10,50,0.322893887758255,0.34809213876724243
PEMS07,0,0,0.45396888256073,0.45396888256073
PEMS07,0,0,0.9535629749298096,0.9535629749298096
PEMS07,0,0,0.9358538389205933,0.9358538389205933
PEMS07,0,0,0.9663648009300232,0.9663648009300232
PEMS07,0,0,0.9999995231628418,0.9999995231628418
PEMS07,0,0,0.742281973361969,0.742281973361969
PEMS07,0,0,0.8586544394493103,0.8586544394493103
PEMS07,0,0,1.0000009536743164,1.0000009536743164
PEMS07,0,0,0.19937066733837128,0.19937066733837128
PEMS07,0,0,1.0000004768371582,1.0000004768371582
PEMS07,0,0,0.9774541258811951,0.9774541258811951
PEMS07,1,5,0.47466763854026794,0.4760421812534332
PEMS07,11,55,0.5318320989608765,0.5507229566574097
PEMS07,0,0,1.0000009536743164,1.0000009536743164
PEMS07,0,0,0.9632001519203186,0.9632001519203186
PEMS07,0,0,0.8847706913948059,0.8847706913948059
PEMS07,0,0,0.37777113914489746,0.37777113914489746
PEMS07,0,0,0.8761447072029114,0.8761447072029114
PEMS07,0,0,0.9508472084999084,0.9508472084999084
PEMS07,0,0,0.5418079495429993,0.5418079495429993
PEMS07,-12,60,0.6653753519058228,0.7455237507820129
PEMS07,7,35,0.6651815176010132,0.6745110154151917
PEMS07,0,0,0.9999353885650635,0.9999353885650635
PEMS07,0,0,1.0000009536743164,1.0000009536743164
PEMS07,0,0,0.9253853559494019,0.9253853559494019
PEMS07,0,0,0.8956018090248108,0.8956018090248108
PEMS07,0,0,0.8326234221458435,0.8326234221458435
PEMS07,0,0,1.0000009536743164,1.0000009536743164
PEMS07,0,0,0.9154377579689026,0.9154377579689026
PEMS07,0,0,0.9654545783996582,0.9654545783996582
PEMS07,0,0,0.7509083151817322,0.7509083151817322
PEMS07,0,0,0.6375890374183655,0.6375890374183655
PEMS07,0,0,0.672369122505188,0.672369122505188
PEMS07,0,0,0.8685527443885803,0.8685527443885803
PEMS07,0,0,0.9099489450454712,0.9099489450454712
PEMS07,0,0,0.9099819660186768,0.9099819660186768
PEMS07,0,0,0.6581255197525024,0.6581255197525024
PEMS07,0,0,0.742654025554657,0.742654025554657
PEMS07,0,0,0.8336864709854126,0.8336864709854126
PEMS07,0,0,0.7440327405929565,0.7440327405929565
PEMS07,0,0,0.7730433344841003,0.7730433344841003
PEMS07,0,0,0.9864833950996399,0.9864833950996399
PEMS07,1,5,0.42931434512138367,0.43021708726882935
PEMS07,0,0,0.9718343019485474,0.9718343019485474
PEMS07,0,0,0.6213926076889038,0.6213926076889038
PEMS07,0,0,1.0000004768371582,1.0000004768371582
PEMS07,0,0,0.9229781031608582,0.9229781031608582
PEMS07,0,0,0.6499761939048767,0.6499761939048767
PEMS07,-1,5,0.5976182818412781,0.5979594588279724
PEMS07,0,0,0.931416928768158,0.931416928768158
PEMS07,0,0,0.9712343811988831,0.9712343811988831
PEMS07,0,0,0.918698787689209,0.918698787689209
PEMS07,2,10,0.29677292704582214,0.3038620948791504
PEMS07,2,10,0.2799077332019806,0.28089451789855957
PEMS07,12,60,-0.015437575057148933,0.2218003273010254
PEMS07,12,60,0.41416388750076294,0.5963596105575562
PEMS07,12,60,0.4130847752094269,0.5102083086967468
PEMS07,0,0,0.9107542634010315,0.9107542634010315
PEMS07,0,0,0.6923037767410278,0.6923037767410278
PEMS07,0,0,1.0000004768371582,1.0000004768371582
PEMS07,0,0,0.9999997615814209,0.9999997615814209
PEMS07,0,0,0.9999997615814209,0.9999997615814209
PEMS07,0,0,0.9665880799293518,0.9665880799293518
PEMS07,0,0,0.9556823968887329,0.9556823968887329
PEMS07,11,55,0.4906863868236542,0.5707550048828125
PEMS07,0,0,0.8849831819534302,0.8849831819534302
PEMS07,0,0,0.8433194756507874,0.8433194756507874
PEMS07,0,0,0.223213791847229,0.223213791847229
PEMS07,0,0,1.0000009536743164,1.0000009536743164
PEMS07,-5,25,0.3802326023578644,0.38496628403663635
PEMS07,0,0,0.9520382285118103,0.9520382285118103
PEMS07,0,0,0.9244246482849121,0.9244246482849121
PEMS07,0,0,0.870290219783783,0.870290219783783
PEMS07,-3,15,0.4801998436450958,0.49143150448799133
PEMS07,0,0,0.9377714991569519,0.9377714991569519
PEMS07,0,0,0.6910760998725891,0.6910760998725891
PEMS07,0,0,0.9414842128753662,0.9414842128753662
PEMS07,0,0,0.7805989980697632,0.7805989980697632
PEMS07,0,0,0.780037522315979,0.780037522315979
PEMS07,0,0,0.9403537511825562,0.9403537511825562
PEMS07,3,15,0.5838490724563599,0.5883404612541199
PEMS07,0,0,0.8727279901504517,0.8727279901504517
PEMS07,0,0,0.8855999112129211,0.8855999112129211
PEMS07,0,0,0.7237781286239624,0.7237781286239624
PEMS07,0,0,0.33620938658714294,0.33620938658714294
PEMS07,0,0,0.30415040254592896,0.30415040254592896
PEMS07,0,0,0.9519795179367065,0.9519795179367065
PEMS07,0,0,0.9442676305770874,0.9442676305770874
PEMS07,0,0,0.7978742122650146,0.7978742122650146
PEMS07,0,0,0.9627030491828918,0.9627030491828918
PEMS07,12,60,0.6614007949829102,0.7330050468444824
PEMS07,0,0,0.9471265077590942,0.9471265077590942
PEMS07,0,0,0.929234504699707,0.929234504699707
PEMS07,0,0,0.6775007247924805,0.6775007247924805
PEMS07,10,50,0.45910269021987915,0.5081122517585754
PEMS07,0,0,0.9418038129806519,0.9418038129806519
PEMS07,-6,30,0.3338046073913574,0.34317347407341003
PEMS07,0,0,0.207695871591568,0.207695871591568
PEMS07,0,0,0.887670636177063,0.887670636177063
PEMS07,0,0,0.8827716708183289,0.8827716708183289
PEMS07,0,0,0.9753378033638,0.9753378033638
PEMS07,0,0,0.7590206265449524,0.7590206265449524
PEMS07,1,5,0.5340046882629395,0.536854088306427
PEMS07,0,0,1.0000003576278687,1.0000003576278687
PEMS07,0,0,0.9159690141677856,0.9159690141677856
PEMS07,0,0,0.9707549810409546,0.9707549810409546
PEMS07,0,0,0.9038258194923401,0.9038258194923401
PEMS07,0,0,0.4278157353401184,0.4278157353401184
PEMS07,0,0,0.7624025940895081,0.7624025940895081
PEMS07,0,0,0.9434484839439392,0.9434484839439392
PEMS07,0,0,0.9482229351997375,0.9482229351997375
PEMS07,0,0,0.5599800944328308,0.5599800944328308
PEMS07,0,0,0.8480951189994812,0.8480951189994812
PEMS07,0,0,0.879458487033844,0.879458487033844
PEMS07,0,0,0.9413414597511292,0.9413414597511292
PEMS07,0,0,0.6121350526809692,0.6121350526809692
PEMS07,0,0,0.9836806058883667,0.9836806058883667
PEMS07,0,0,0.9077528715133667,0.9077528715133667
PEMS07,0,0,0.9609929919242859,0.9609929919242859
PEMS07,0,0,0.9331870675086975,0.9331870675086975
PEMS07,2,10,0.70387864112854,0.7065051794052124
PEMS07,0,0,0.7325729727745056,0.7325729727745056
PEMS07,0,0,0.9511381983757019,0.9511381983757019
PEMS07,0,0,0.8906150460243225,0.8906150460243225
PEMS07,0,0,0.8645250797271729,0.8645250797271729
PEMS07,-1,5,0.6235194802284241,0.6269370317459106
PEMS07,0,0,0.4394321143627167,0.4394321143627167
PEMS07,-1,5,0.754051148891449,0.7543731927871704
PEMS07,0,0,0.9806616902351379,0.9806616902351379
PEMS07,0,0,0.9366740584373474,0.9366740584373474
PEMS07,0,0,0.8305453658103943,0.8305453658103943
PEMS07,0,0,0.7698854804039001,0.7698854804039001
PEMS07,0,0,0.8310728073120117,0.8310728073120117
PEMS07,0,0,1.0000009536743164,1.0000009536743164
PEMS07,0,0,0.8853839635848999,0.8853839635848999
PEMS07,0,0,0.5843662023544312,0.5843662023544312
PEMS07,0,0,0.7726799845695496,0.7726799845695496
PEMS07,0,0,0.9197822213172913,0.9197822213172913
PEMS07,0,0,0.9540956020355225,0.9540956020355225
PEMS07,0,0,0.9838575124740601,0.9838575124740601
PEMS07,0,0,0.9838575124740601,0.9838575124740601
PEMS07,0,0,0.9449953436851501,0.9449953436851501
PEMS07,0,0,0.9025946855545044,0.9025946855545044
PEMS07,0,0,0.911116361618042,0.911116361618042
PEMS07,0,0,0.8692784905433655,0.8692784905433655
PEMS07,0,0,0.8699579238891602,0.8699579238891602
PEMS07,0,0,0.805508553981781,0.805508553981781
PEMS07,0,0,0.46627774834632874,0.46627774834632874
NYCTaxi,0,0,0.37825390696525574,0.37825390696525574
NYCTaxi,1,30,0.6262134313583374,0.6281261444091797
NYCTaxi,0,0,0.47442999482154846,0.47442999482154846
NYCTaxi,0,0,0.7396212220191956,0.7396212220191956
NYCTaxi,0,0,0.6977976560592651,0.6977976560592651
NYCTaxi,0,0,0.771819531917572,0.771819531917572
NYCTaxi,0,0,0.6630467176437378,0.6630467176437378
NYCTaxi,0,0,0.7406054139137268,0.7406054139137268
NYCTaxi,0,0,0.7559081315994263,0.7559081315994263
NYCTaxi,-1,30,0.6059452295303345,0.6224799752235413
NYCTaxi,0,0,0.6970044374465942,0.6970044374465942
NYCTaxi,7,210,0.07314280420541763,0.07815618067979813
NYCTaxi,0,0,0.6461066007614136,0.6461066007614136
NYCTaxi,0,0,0.7146741151809692,0.7146741151809692
NYCTaxi,-1,30,0.08840818703174591,0.13191282749176025
NYCTaxi,-4,120,0.11994966119527817,0.15774184465408325
NYCTaxi,-9,270,0.053333085030317307,0.1408398151397705
NYCTaxi,0,0,0.7921150922775269,0.7921150922775269
NYCTaxi,0,0,0.7894646525382996,0.7894646525382996
NYCTaxi,0,0,0.7894161939620972,0.7894161939620972
NYCTaxi,0,0,0.663658857345581,0.663658857345581
NYCTaxi,0,0,0.7593285441398621,0.7593285441398621
NYCTaxi,0,0,0.7419173717498779,0.7419173717498779
NYCTaxi,0,0,0.4254138469696045,0.4254138469696045
NYCTaxi,0,0,0.6208598017692566,0.6208598017692566
NYCTaxi,1,30,0.5362876057624817,0.5395411252975464
NYCTaxi,0,0,0.2837553918361664,0.2837553918361664
NYCTaxi,0,0,0.6602524518966675,0.6602524518966675
NYCTaxi,-1,30,0.16373136639595032,0.19112934172153473
NYCTaxi,0,0,0.19966857135295868,0.19966857135295868
NYCTaxi,0,0,0.7099708318710327,0.7099708318710327
NYCTaxi,-1,30,0.062286823987960815,0.08134521543979645
NYCTaxi,1,30,0.13783489167690277,0.16620619595050812
NYCTaxi,-2,60,-0.02644328586757183,0.06297395378351212
NYCTaxi,0,0,0.7693249583244324,0.7693249583244324
NYCTaxi,0,0,0.8320567607879639,0.8320567607879639
NYCTaxi,0,0,0.7222979664802551,0.7222979664802551
NYCTaxi,0,0,0.5389073491096497,0.5389073491096497
NYCTaxi,0,0,0.8103721141815186,0.8103721141815186
NYCTaxi,0,0,0.7774685621261597,0.7774685621261597
NYCTaxi,0,0,0.6571574807167053,0.6571574807167053
NYCTaxi,-1,30,0.34689444303512573,0.35141509771347046
NYCTaxi,0,0,0.7492430210113525,0.7492430210113525
NYCTaxi,0,0,0.8513367176055908,0.8513367176055908
NYCTaxi,-1,30,0.3075742721557617,0.3458101749420166
NYCTaxi,0,0,0.041483763605356216,0.041483763605356216
NYCTaxi,1,30,0.44308045506477356,0.4583580195903778
NYCTaxi,0,0,0.8603548407554626,0.8603548407554626
NYCTaxi,-1,30,0.37494826316833496,0.37985697388648987
NYCTaxi,1,30,0.01796238124370575,0.029687881469726562
NYCTaxi,8,240,-0.005923975259065628,-6.588108226424083e-05
NYCTaxi,0,0,0.7731156349182129,0.7731156349182129
NYCTaxi,0,0,0.8643307685852051,0.8643307685852051
NYCTaxi,0,0,0.7895528078079224,0.7895528078079224
NYCTaxi,0,0,0.8456629514694214,0.8456629514694214
NYCTaxi,0,0,0.8165718913078308,0.8165718913078308
NYCTaxi,0,0,0.6105434894561768,0.6105434894561768
NYCTaxi,1,30,0.7607538104057312,0.7633625864982605
NYCTaxi,-1,30,0.4689323306083679,0.48719072341918945
NYCTaxi,0,0,0.4903683066368103,0.4903683066368103
NYCTaxi,0,0,0.8908816576004028,0.8908816576004028
NYCTaxi,0,0,0.703061580657959,0.703061580657959
NYCTaxi,0,0,0.4420706331729889,0.4420706331729889
NYCTaxi,1,30,0.4405001997947693,0.4660624861717224
NYCTaxi,0,0,0.8821778297424316,0.8821778297424316
NYCTaxi,0,0,0.5977748036384583,0.5977748036384583
NYCTaxi,0,0,0.5089725255966187,0.5089725255966187
NYCTaxi,0,0,0.6595703959465027,0.6595703959465027
NYCTaxi,0,0,0.7692261934280396,0.7692261934280396
NYCTaxi,0,0,0.8405383229255676,0.8405383229255676
NYCTaxi,0,0,0.6574113965034485,0.6574113965034485
NYCTaxi,0,0,0.5525446534156799,0.5525446534156799
NYCTaxi,0,0,0.759178102016449,0.759178102016449
NYCTaxi,1,30,0.6180542707443237,0.6230130195617676
NYCTaxi,0,0,0.5070915818214417,0.5070915818214417
NYCTaxi,-1,30,0.6745873689651489,0.6898559927940369
NYCTaxi,0,0,0.6202406287193298,0.6202406287193298
NYCTaxi,0,0,0.9157012701034546,0.9157012701034546
NYCTaxi,0,0,0.9107261896133423,0.9107261896133423
NYCTaxi,0,0,0.6915020942687988,0.6915020942687988
NYCTaxi,1,30,0.6239104270935059,0.6385303139686584
NYCTaxi,1,30,0.7943581938743591,0.8112369179725647
NYCTaxi,1,30,0.43380311131477356,0.45334213972091675
NYCTaxi,2,60,0.624163031578064,0.6887630820274353
NYCTaxi,2,60,0.40285009145736694,0.4963591992855072
NYCTaxi,0,0,0.7512536644935608,0.7512536644935608
NYCTaxi,0,0,0.7706234455108643,0.7706234455108643
NYCTaxi,1,30,0.6200763583183289,0.6395784616470337
NYCTaxi,0,0,0.6200789213180542,0.6200789213180542
NYCTaxi,0,0,0.6070412397384644,0.6070412397384644
NYCTaxi,1,30,0.6223176717758179,0.6370660066604614
NYCTaxi,1,30,0.42759671807289124,0.4365662932395935
NYCTaxi,0,0,0.8628054857254028,0.8628054857254028
NYCTaxi,1,30,0.7593313455581665,0.7642158269882202
NYCTaxi,2,60,0.7671292424201965,0.7945232391357422
NYCTaxi,0,0,0.7650938630104065,0.7650938630104065
NYCTaxi,1,30,0.5706953406333923,0.5858200788497925
NYCTaxi,2,60,0.5487282276153564,0.602660596370697
NYCTaxi,0,0,0.8463647961616516,0.8463647961616516
NYCTaxi,0,0,0.3013452887535095,0.3013452887535095
NYCTaxi,0,0,0.46530038118362427,0.46530038118362427
NYCTaxi,1,30,0.1870247721672058,0.20238344371318817
NYCTaxi,1,30,0.6562348008155823,0.6610993146896362
NYCTaxi,0,0,0.6509066820144653,0.6509066820144653
NYCTaxi,1,30,0.5349606275558472,0.5354728698730469
NYCTaxi,0,0,0.7868813872337341,0.7868813872337341
NYCTaxi,0,0,0.6502002477645874,0.6502002477645874
NYCTaxi,0,0,0.7665098309516907,0.7665098309516907
NYCTaxi,0,0,0.788955569267273,0.788955569267273
NYCTaxi,-1,30,0.6319708824157715,0.6336370706558228
NYCTaxi,0,0,0.5580322742462158,0.5580322742462158
NYCTaxi,0,0,0.8921225666999817,0.8921225666999817
NYCTaxi,-2,60,0.7587929964065552,0.7943025827407837
NYCTaxi,1,30,0.3460176885128021,0.3547443747520447
NYCTaxi,0,0,0.7258928418159485,0.7258928418159485
NYCTaxi,0,0,0.868013858795166,0.868013858795166
NYCTaxi,0,0,0.6353247165679932,0.6353247165679932
NYCTaxi,0,0,0.31381359696388245,0.31381359696388245
NYCTaxi,1,30,0.3345817029476166,0.35691139101982117
NYCTaxi,0,0,0.5604048371315002,0.5604048371315002
NYCTaxi,0,0,0.42707884311676025,0.42707884311676025
NYCTaxi,0,0,0.607750654220581,0.607750654220581
NYCTaxi,1,30,0.6774876713752747,0.6794551610946655
NYCTaxi,1,30,0.3546852171421051,0.36206838488578796
NYCTaxi,0,0,0.728104293346405,0.728104293346405
NYCTaxi,0,0,0.7525742650032043,0.7525742650032043
NYCTaxi,-1,30,0.7965511083602905,0.8203638195991516
NYCTaxi,0,0,0.6880133748054504,0.6880133748054504
NYCTaxi,0,0,0.7432467341423035,0.7432467341423035
NYCTaxi,-1,30,0.4852781891822815,0.5020684003829956
NYCTaxi,0,0,0.42453694343566895,0.42453694343566895
NYCTaxi,0,0,0.8586861491203308,0.8586861491203308
NYCTaxi,0,0,0.7337130904197693,0.7337130904197693
NYCTaxi,4,120,0.08952978998422623,0.1136731505393982
NYCTaxi,0,0,0.6710230112075806,0.6710230112075806
NYCTaxi,9,270,-0.02701292745769024,0.02685352973639965
NYCTaxi,-1,30,0.40679430961608887,0.4079419672489166
NYCTaxi,0,0,0.3718682825565338,0.3718682825565338
NYCTaxi,0,0,0.4465164840221405,0.4465164840221405
NYCTaxi,0,0,0.8019374012947083,0.8019374012947083
NYCTaxi,1,30,0.6022458076477051,0.6146612167358398
NYCTaxi,0,0,0.7735188007354736,0.7735188007354736
NYCTaxi,0,0,0.7365908026695251,0.7365908026695251
NYCTaxi,-1,30,0.8634414672851562,0.8715103268623352
NYCTaxi,0,0,0.8986016511917114,0.8986016511917114
NYCTaxi,0,0,0.9134714007377625,0.9134714007377625
NYCTaxi,-2,60,0.741553783416748,0.7911723256111145
NYCTaxi,8,240,0.01399180106818676,0.06211984530091286
NYCTaxi,0,0,0.790015459060669,0.790015459060669
NYCTaxi,0,0,0.9115961194038391,0.9115961194038391
NYCTaxi,-2,60,0.533355176448822,0.5402687788009644
NYCTaxi,-8,240,0.01157652772963047,0.07005542516708374
NYCTaxi,-6,180,-0.029446527361869812,0.060355693101882935
NYCTaxi,0,0,0.8182198405265808,0.8182198405265808
NYCTaxi,0,0,0.7378169298171997,0.7378169298171997
NYCTaxi,-1,30,0.7294421195983887,0.7383454442024231
NYCTaxi,0,0,0.9241764545440674,0.9241764545440674
NYCTaxi,2,60,0.6942703127861023,0.7114715576171875
NYCTaxi,0,0,0.8819330930709839,0.8819330930709839
NYCTaxi,0,0,0.896911084651947,0.896911084651947
NYCTaxi,-2,60,0.6827250719070435,0.7086569666862488
NYCTaxi,0,0,0.8243217468261719,0.8243217468261719
NYCTaxi,0,0,0.8518427610397339,0.8518427610397339
NYCTaxi,1,30,0.6358829736709595,0.6395737528800964
NYCTaxi,0,0,0.5880274176597595,0.5880274176597595
NYCTaxi,3,90,0.7404254078865051,0.7867324948310852
NYCTaxi,2,60,0.6715142130851746,0.6931202411651611
NYCTaxi,1,30,0.6313177943229675,0.6508435010910034
NYCTaxi,3,90,0.49850499629974365,0.5120753049850464
NYCTaxi,2,60,0.4390011727809906,0.4664797782897949
NYCTaxi,-1,30,0.8378514647483826,0.8541367053985596
NYCTaxi,-1,30,0.4564283490180969,0.45657065510749817
NYCTaxi,-2,60,0.7900512218475342,0.8379657864570618
NYCTaxi,0,0,0.9531830549240112,0.9531830549240112
NYCTaxi,2,60,0.408846914768219,0.4511958360671997
NYCTaxi,0,0,0.9282099604606628,0.9282099604606628
NYCTaxi,0,0,0.9436440467834473,0.9436440467834473
NYCTaxi,0,0,0.8615209460258484,0.8615209460258484
NYCTaxi,0,0,0.9350133538246155,0.9350133538246155
NYCTaxi,0,0,0.9196066856384277,0.9196066856384277
NYCTaxi,1,30,0.8233278393745422,0.8417879343032837
NYCTaxi,0,0,0.8933873772621155,0.8933873772621155
NYCTaxi,0,0,0.8926712870597839,0.8926712870597839
NYCTaxi,1,30,0.9432113170623779,0.9525634050369263
NYCTaxi,1,30,0.7224217653274536,0.7312241196632385
NYCTaxi,1,30,0.8491603136062622,0.8622403740882874
NYCTaxi,1,30,0.6966313123703003,0.7220690250396729
NYCTaxi,-2,60,0.38143470883369446,0.4316859841346741
NYCTaxi,0,0,0.07170211523771286,0.07170211523771286
NYCTaxi,-3,90,0.16013649106025696,0.1908559948205948
NYCTaxi,1,30,0.9033185839653015,0.9124366641044617
NYCTaxi,-1,30,0.0562870055437088,0.05726836621761322
NYCTaxi,-1,30,0.6948186159133911,0.7036051750183105
NYCTaxi,1,30,0.8801657557487488,0.8872136473655701
NYCTaxi,1,30,0.901915967464447,0.9165357351303101
NYCTaxi,-2,60,0.5196974277496338,0.5404224991798401
NYCTaxi,0,0,0.8981887102127075,0.8981887102127075
NYCTaxi,1,30,0.8202939033508301,0.8280631303787231
NYCTaxi,0,0,0.6816726326942444,0.6816726326942444
NYCTaxi,-1,30,0.8813269734382629,0.8834837675094604
NYCTaxi,0,0,0.9005253911018372,0.9005253911018372
NYCTaxi,-4,120,0.27489590644836426,0.3307250142097473
NYCTaxi,0,0,0.7767822742462158,0.7767822742462158
NYCTaxi,-1,30,0.5533987283706665,0.5799614191055298
NYCTaxi,1,30,0.06679931282997131,0.10883880406618118
NYCTaxi,9,270,0.04609743878245354,0.07695586234331131
NYCTaxi,1,30,0.05694328993558884,0.07586947828531265
NYCTaxi,1,30,0.5619640946388245,0.5793899893760681
NYCTaxi,2,60,0.059947580099105835,0.08220944553613663
NYCTaxi,0,0,0.8298524022102356,0.8298524022102356
NYCTaxi,0,0,0.7678818702697754,0.7678818702697754
NYCTaxi,0,0,0.8917749524116516,0.8917749524116516
NYCTaxi,-1,30,0.43459850549697876,0.44808995723724365
NYCTaxi,-1,30,0.7778211236000061,0.7961596846580505
NYCTaxi,-1,30,0.6011574864387512,0.6192127466201782
NYCTaxi,-2,60,0.48502659797668457,0.5271811485290527
NYCTaxi,-2,60,0.6592166423797607,0.7169303297996521
NYCTaxi,-2,60,0.5909419059753418,0.6206780672073364
NYCTaxi,-2,60,0.4814904034137726,0.5595271587371826
NYCTaxi,0,0,0.5993269085884094,0.5993269085884094
NYCTaxi,0,0,0.4763641357421875,0.4763641357421875
NYCTaxi,-2,60,0.11529174447059631,0.11796624213457108
NYCTaxi,0,0,0.17561624944210052,0.17561624944210052
NYCTaxi,-1,30,0.11303647607564926,0.13154342770576477
NYCTaxi,0,0,0.6744456887245178,0.6744456887245178
NYCTaxi,-2,60,0.17980992794036865,0.18755893409252167
NYCTaxi,0,0,0.7032202482223511,0.7032202482223511
NYCTaxi,0,0,0.7519496083259583,0.7519496083259583
NYCTaxi,0,0,0.7389941215515137,0.7389941215515137
NYCTaxi,0,0,0.6398227214813232,0.6398227214813232
NYCTaxi,0,0,0.8663575053215027,0.8663575053215027
NYCTaxi,-2,60,0.33702072501182556,0.3419155478477478
NYCTaxi,-1,30,0.5660188794136047,0.6040671467781067
NYCTaxi,0,0,0.637237012386322,0.637237012386322
NYCTaxi,0,0,0.21993310749530792,0.21993310749530792
NYCTaxi,-1,30,0.650737464427948,0.6678918600082397
NYCTaxi,0,0,0.29369890689849854,0.29369890689849854
NYCTaxi,0,0,0.7127127647399902,0.7127127647399902
NYCTaxi,2,60,0.1652068793773651,0.16689753532409668
NYCTaxi,0,0,0.58836829662323,0.58836829662323
NYCTaxi,0,0,0.3970683813095093,0.3970683813095093
NYCTaxi,0,0,0.28997817635536194,0.28997817635536194
